reltime,datetime,sdnn,rmssd
0.001,2024/05/28 15:36:54.8549,,
0.001,2024/05/28 15:36:54.8549,,
0.202,2024/05/28 15:36:55.0559,,
0.354,2024/05/28 15:36:55.2079,,
0.448,2024/05/28 15:36:55.3019,,
0.695,2024/05/28 15:36:55.5489,,
0.941,2024/05/28 15:36:55.7949,,
1.093,2024/05/28 15:36:55.9469,,
1.186,2024/05/28 15:36:56.0399,,
1.584,2024/05/28 15:36:56.4379,28.721072403376567,
1.926,2024/05/28 15:36:56.7799,27.887110088550024,47.985414450643226
2.323,2024/05/28 15:36:57.1769,28.06324027166951,48.078534238737504
2.665,2024/05/28 15:36:57.5189,27.463495584932176,48.155996511338024
2.911,2024/05/28 15:36:57.7649,26.866376715184305,46.266784896028646
3.063,2024/05/28 15:36:57.9169,25.914327715616714,44.96983115696249
3.157,2024/05/28 15:36:58.0109,25.430952269495005,43.81476159165234
3.404,2024/05/28 15:36:58.2579,24.956285309929207,42.42346049062947
3.555,2024/05/28 15:36:58.4089,24.49463059743044,41.15680202519599
3.65,2024/05/28 15:36:58.5039,24.048318806662994,39.99722212576491
3.895,2024/05/28 15:36:58.7489,23.61845843714973,38.93043728714617
4.142,2024/05/28 15:36:58.9959,23.062750837453827,37.97696670351649
4.294,2024/05/28 15:36:59.1479,23.46301316994449,37.46109092556346
4.388,2024/05/28 15:36:59.2419,22.94433890411831,36.98586953762944
4.786,2024/05/28 15:36:59.6399,22.52325690146247,36.18791535017324
5.525,2024/05/28 15:37:00.3789,22.12103071739654,35.61600763701625
5.62,2024/05/28 15:37:00.4739,21.691579365841868,34.993142185291106
5.867,2024/05/28 15:37:00.7209,21.28620595837984,34.313599008601194
6.113,2024/05/28 15:37:00.9669,20.902741522934367,33.672166767447784
6.263,2024/05/28 15:37:01.1169,20.71510954706248,33.259799844771855
6.358,2024/05/28 15:37:01.2119,20.371266670168733,32.87122208527256
6.605,2024/05/28 15:37:01.4589,20.062116183172883,32.31872522238462
6.756,2024/05/28 15:37:01.6099,20.09414622828447,31.867956738182425
6.851,2024/05/28 15:37:01.7049,19.991981151072256,31.698054619592455
7.097,2024/05/28 15:37:01.9509,18.75335985222722,30.444484995917843
7.344,2024/05/28 15:37:02.1979,18.650567770470705,29.100400913618586
7.495,2024/05/28 15:37:02.3489,18.65648326496965,29.146755108130534
7.59,2024/05/28 15:37:02.4439,18.51687642783411,29.193035699175468
7.836,2024/05/28 15:37:02.6899,16.028853294326325,26.909106265351884
7.988,2024/05/28 15:37:02.8419,15.946209869288788,24.423349483639626
8.083,2024/05/28 15:37:02.9369,12.57090236247576,21.459263733874934
8.329,2024/05/28 15:37:03.1829,12.448930157606606,17.99907405025788
8.481,2024/05/28 15:37:03.3349,11.484572360295026,16.22138506211271
8.575,2024/05/28 15:37:03.4289,11.343335680822353,14.223220451079285
8.822,2024/05/28 15:37:03.6759,11.177203812111157,14.223220451079285
9.068,2024/05/28 15:37:03.9219,11.01952290516574,13.644290625263984
9.22,2024/05/28 15:37:04.0739,15.588862809010795,16.797817318528818
9.314,2024/05/28 15:37:04.1679,15.377846433084798,19.856988694160048
9.561,2024/05/28 15:37:04.4149,15.146829264952036,19.856988694160048
9.711,2024/05/28 15:37:04.5649,21.765970487537732,25.42833065696606
9.807,2024/05/28 15:37:04.6609,21.509794614728694,29.98166106138884
10.052,2024/05/28 15:37:04.9059,21.412103140969954,29.954409803343925
10.299,2024/05/28 15:37:05.1529,20.277528471673627,29.6046167570758
10.45,2024/05/28 15:37:05.3039,26.659711736720805,34.5779313050005
10.545,2024/05/28 15:37:05.3989,26.403173790415572,39.176949004910185
10.697,2024/05/28 15:37:05.5509,31.679084074765807,43.49176167199178
11.284,2024/05/28 15:37:06.1379,31.536240783558988,47.469990520327684
11.436,2024/05/28 15:37:06.2899,35.41642258198494,51.12664015299004
11.531,2024/05/28 15:37:06.3849,35.2574276840574,54.538671295390635
11.777,2024/05/28 15:37:06.6309,35.37360532972253,54.42824021896476
11.929,2024/05/28 15:37:06.7829,38.287193621396206,57.36229888466233
12.023,2024/05/28 15:37:06.8769,38.11460334971007,60.25335398686671
12.27,2024/05/28 15:37:07.1239,38.28455166972323,60.09381554425269
12.421,2024/05/28 15:37:07.2749,40.360857901866915,62.444108342314145
12.516,2024/05/28 15:37:07.3699,40.360857901866915,64.84083075758154
12.762,2024/05/28 15:37:07.6159,40.360857901866915,64.84083075758154
12.913,2024/05/28 15:37:07.7669,41.8130073805613,66.65183168275772
13.008,2024/05/28 15:37:07.8619,41.8130073805613,68.41491065549965
13.254,2024/05/28 15:37:08.1079,41.8130073805613,68.41491065549965
13.501,2024/05/28 15:37:08.3549,41.890236977402814,68.41101275866822
13.652,2024/05/28 15:37:08.5059,58.18835843595548,82.13545722362136
14.145,2024/05/28 15:37:08.9989,59.26779280830175,97.23031077464132
14.24,2024/05/28 15:37:09.0939,59.5473345958594,97.35365084748149
14.638,2024/05/28 15:37:09.4919,59.52015016666235,97.95441116492236
15.376,2024/05/28 15:37:10.2299,60.02378838771971,98.06936320788465
15.471,2024/05/28 15:37:10.3249,60.02378838771971,99.43641184194048
15.717,2024/05/28 15:37:10.5709,60.251045681772965,98.87095967303375
15.868,2024/05/28 15:37:10.7219,60.8814185645895,99.85255797090694
15.963,2024/05/28 15:37:10.8169,60.8814185645895,101.37915630608362
16.21,2024/05/28 15:37:11.0639,60.54128447957432,100.12708591252085
16.361,2024/05/28 15:37:11.2149,61.50365842777127,100.73562759355136
16.456,2024/05/28 15:37:11.3099,61.50365842777127,102.57777537069128
16.702,2024/05/28 15:37:11.5559,61.4822280648323,102.57793784890265
16.854,2024/05/28 15:37:11.7079,61.93864223809568,102.95792020691431
16.949,2024/05/28 15:37:11.8029,61.93864223809568,103.37278816658343
17.195,2024/05/28 15:37:12.0489,61.04858626583777,101.57968957096361
17.346,2024/05/28 15:37:12.1999,62.458639187828624,102.05423394777243
17.838,2024/05/28 15:37:12.6919,63.09289811938747,100.27296079535432
17.933,2024/05/28 15:37:12.7869,63.09289811938747,100.8669090105042
18.18,2024/05/28 15:37:13.0339,63.2848422955116,100.87748344733163
18.426,2024/05/28 15:37:13.2799,62.77897737300252,99.17778649139802
18.578,2024/05/28 15:37:13.4319,63.95149023633643,99.96165931662667
18.672,2024/05/28 15:37:13.5259,64.14043500241333,102.41321529307957
18.919,2024/05/28 15:37:13.7729,63.804082310932046,100.9022629412575
19.07,2024/05/28 15:37:13.9239,64.76394803837394,101.63841137417815
19.165,2024/05/28 15:37:14.0189,64.95010463389556,103.85887861259944
19.411,2024/05/28 15:37:14.2649,64.92952855335453,102.69290790182804
19.563,2024/05/28 15:37:14.4169,65.46053474571806,103.30779254247959
19.658,2024/05/28 15:37:14.5119,65.64415566075743,105.07140429250958
19.904,2024/05/28 15:37:14.7579,65.8261468505894,105.07140429250958
20.056,2024/05/28 15:37:14.9099,53.77342846792795,96.54066500703215
20.15,2024/05/28 15:37:15.0039,52.748590437123624,83.4230184061929
20.396,2024/05/28 15:37:15.2499,52.95146335337985,83.16369400164955
20.642,2024/05/28 15:37:15.4959,53.210274697029114,82.33873126704508
20.794,2024/05/28 15:37:15.6479,53.44525612529903,84.3662649799472
20.889,2024/05/28 15:37:15.7429,53.632808624194794,84.9011189561127
21.135,2024/05/28 15:37:15.9889,53.818340675864505,84.9011189561127
21.287,2024/05/28 15:37:16.1409,53.77762855810302,85.1741353541868
21.381,2024/05/28 15:37:16.2349,53.96112904930573,85.44627941968372
21.628,2024/05/28 15:37:16.4819,54.14264896347032,85.44627941968372
21.779,2024/05/28 15:37:16.6329,53.57431190926944,85.24415913519627
21.874,2024/05/28 15:37:16.7279,53.75354572640659,85.04155846800238
22.121,2024/05/28 15:37:16.9749,53.949966177697256,85.04136248516562
22.367,2024/05/28 15:37:17.2209,52.05408328082311,82.54635061588125
22.517,2024/05/28 15:37:17.3709,52.94834828591789,81.78691826936628
22.613,2024/05/28 15:37:17.4669,53.120866303003545,83.60582116894334
22.86,2024/05/28 15:37:17.7139,50.7733865485568,80.78242383092996
23.01,2024/05/28 15:37:17.8639,48.55256660711055,82.25873813765928
23.106,2024/05/28 15:37:17.9599,49.649761838045954,79.30447654451797
23.351,2024/05/28 15:37:18.2049,50.3735015178852,79.2910251331553
23.598,2024/05/28 15:37:18.4519,50.88779633754953,79.2910251331553
23.749,2024/05/28 15:37:18.6029,48.884863557725495,76.21395322817645
23.844,2024/05/28 15:37:18.6979,49.32054431931979,73.0073055705158
24.242,2024/05/28 15:37:19.0959,48.68667121526128,73.48877465300399
24.583,2024/05/28 15:37:19.4369,48.06442037252805,71.05514290558659
24.829,2024/05/28 15:37:19.6829,48.593741614922905,67.7682324790409
24.981,2024/05/28 15:37:19.8349,47.79116447941824,68.48162770651216
25.076,2024/05/28 15:37:19.9299,47.96018463626662,66.62031722130018
25.322,2024/05/28 15:37:20.1759,48.29470116813534,63.802560032232776
25.473,2024/05/28 15:37:20.3269,47.37244215640587,65.10606730558989
25.568,2024/05/28 15:37:20.4219,47.6370859102752,63.718390856434326
25.815,2024/05/28 15:37:20.6689,47.569972659762186,60.93630554384909
26.061,2024/05/28 15:37:20.9149,47.39888208585143,60.943142901122734
26.212,2024/05/28 15:37:21.0659,46.775140759845826,63.515352474815096
26.307,2024/05/28 15:37:21.1609,47.12279142054627,63.196518891470596
26.553,2024/05/28 15:37:21.4069,46.5577011914229,60.27658472961675
26.951,2024/05/28 15:37:21.8049,46.46181227631931,63.65060879520321
27.292,2024/05/28 15:37:22.1459,46.80843818220607,64.15528037504005
27.444,2024/05/28 15:37:22.2979,47.32786110507789,65.38195469699572
27.538,2024/05/28 15:37:22.3919,46.436262088819554,69.19055812271883
27.785,2024/05/28 15:37:22.6389,46.79926563919296,66.68807989438592
28.031,2024/05/28 15:37:22.8849,45.53337793033867,64.08796038778786
28.182,2024/05/28 15:37:23.0359,45.880416777510725,67.7293634007191
28.277,2024/05/28 15:37:23.1309,44.26992700221599,71.18473619159283
28.523,2024/05/28 15:37:23.3769,44.66503685480738,69.03936075408964
28.769,2024/05/28 15:37:23.6229,42.60192645797785,66.82514496804328
28.921,2024/05/28 15:37:23.7749,41.5770853113638,69.13199934424965
29.016,2024/05/28 15:37:23.8699,41.85943912283199,69.43006073260582
29.262,2024/05/28 15:37:24.1159,42.08229485460366,69.41061398182077
29.508,2024/05/28 15:37:24.3619,42.297862775821365,69.41061398182077
29.66,2024/05/28 15:37:24.5139,43.6920256276611,71.16436374103732
30.153,2024/05/28 15:37:25.0069,45.18962600919038,71.04622908125855
30.247,2024/05/28 15:37:25.1009,45.33285581222381,72.63929147965766
30.494,2024/05/28 15:37:25.3479,45.106527804461194,72.15215404499946
30.645,2024/05/28 15:37:25.4989,46.5778423963452,73.28983558447923
30.74,2024/05/28 15:37:25.5939,46.5778423963452,75.10925375744323
30.987,2024/05/28 15:37:25.8409,46.45241045178957,74.4593849021062
31.232,2024/05/28 15:37:26.0859,46.26709066021809,73.68423621553437
31.384,2024/05/28 15:37:26.2379,47.40484722293501,75.18975994109836
31.478,2024/05/28 15:37:26.3319,46.941403923389124,75.56189515886959
31.725,2024/05/28 15:37:26.5789,46.74612283387705,74.44169978356665
31.876,2024/05/28 15:37:26.7299,47.30149082727398,75.53078842432402
31.971,2024/05/28 15:37:26.8249,46.95300903532372,76.5989556064572
32.218,2024/05/28 15:37:27.0719,45.60284574705627,74.50234895625775
32.464,2024/05/28 15:37:27.3179,45.14707765392551,72.32196531252913
32.711,2024/05/28 15:37:27.5649,44.66926995330061,72.32196531252913
32.861,2024/05/28 15:37:27.7149,42.844492933311365,69.81379997297573
32.957,2024/05/28 15:37:27.8109,42.352706219766596,67.21210208486762
33.202,2024/05/28 15:37:28.0559,39.04527286795744,63.28454260981376
33.354,2024/05/28 15:37:28.2079,39.294950101103325,59.82557981332066
33.449,2024/05/28 15:37:28.3029,38.75429527547593,60.54585039455636
33.695,2024/05/28 15:37:28.5489,38.1856475414631,60.54585039455636
33.847,2024/05/28 15:37:28.7009,36.51497881912086,57.792156330537914
33.942,2024/05/28 15:37:28.7959,35.91088907313373,54.90051608743461
34.188,2024/05/28 15:37:29.0419,35.22414271327247,54.90810504834418
34.585,2024/05/28 15:37:29.4389,36.92535184930994,56.91250594845858
34.927,2024/05/28 15:37:29.7809,35.51365287083006,56.120703250523626
35.173,2024/05/28 15:37:30.0269,34.93160805601773,53.54810921031666
35.324,2024/05/28 15:37:30.1779,35.8759837063249,55.05209653894512
35.419,2024/05/28 15:37:30.2729,35.19647644328802,56.51607440955773
35.666,2024/05/28 15:37:30.5199,34.20474189079678,54.29119020000697
35.817,2024/05/28 15:37:30.6709,34.20474189079678,55.56557687393638
35.911,2024/05/28 15:37:30.7649,33.70964594719136,54.606165708034595
36.158,2024/05/28 15:37:31.0119,33.19190110328894,54.606165708034595
36.404,2024/05/28 15:37:31.2579,31.584296985873994,52.07526604188723
36.556,2024/05/28 15:37:31.4099,32.16989740192707,50.614556535974245
36.65,2024/05/28 15:37:31.5039,31.60176046310959,51.7864203564345
36.897,2024/05/28 15:37:31.7509,31.229388605024262,51.77483301115836
37.048,2024/05/28 15:37:31.9019,30.854199214942252,50.75923561284193
37.143,2024/05/28 15:37:31.9969,30.468166918970372,49.72289881600496
37.389,2024/05/28 15:37:32.2429,30.068580615483455,49.72289881600496
37.636,2024/05/28 15:37:32.4899,29.28357195095633,48.05240195175818
37.786,2024/05/28 15:37:32.6399,30.04519584065632,47.7283982551269
37.882,2024/05/28 15:37:32.7359,29.933182294884624,49.060846575111874
38.128,2024/05/28 15:37:32.9819,29.819784375978127,49.060846575111874
38.279,2024/05/28 15:37:33.1329,30.32687818140588,50.114868053303304
38.375,2024/05/28 15:37:33.2289,30.31103133662067,50.541072406509144
38.621,2024/05/28 15:37:33.4749,30.193723181154308,49.9276142697272
38.867,2024/05/28 15:37:33.7209,30.075002030363727,49.9276142697272
39.018,2024/05/28 15:37:33.8719,30.01371334083293,49.70513051989704
39.511,2024/05/28 15:37:34.3649,29.93519821136936,48.83065976754086
39.606,2024/05/28 15:37:34.4599,29.80619391002896,49.3737447097814
39.853,2024/05/28 15:37:34.7069,28.871992553735062,47.787376296814344
40.098,2024/05/28 15:37:34.9519,28.871992553735062,46.15553415716617
40.25,2024/05/28 15:37:35.1039,29.28425884484533,47.265561811252525
40.345,2024/05/28 15:37:35.1989,27.112134111720085,45.982967861299834
40.591,2024/05/28 15:37:35.4449,27.233009044340598,43.47758042945812
40.837,2024/05/28 15:37:35.6909,27.352299279256396,43.47758042945812
41.084,2024/05/28 15:37:35.9379,25.53899430057874,41.56681368592017
41.234,2024/05/28 15:37:36.0879,26.96530337687372,41.24318125460256
41.33,2024/05/28 15:37:36.1839,26.96530337687372,42.86645930483801
41.481,2024/05/28 15:37:36.3349,28.02166649404332,43.703928122462095
41.576,2024/05/28 15:37:36.4299,28.02166649404332,44.52564803945399
41.823,2024/05/28 15:37:36.6769,28.02166649404332,44.52564803945399
42.466,2024/05/28 15:37:37.3199,29.978613066305417,46.74754895535523
42.562,2024/05/28 15:37:37.4159,29.152867014624082,47.62492344700759
42.807,2024/05/28 15:37:37.6609,29.152867014624082,46.34795932221108
42.959,2024/05/28 15:37:37.8129,30.226140015387895,47.843146496302545
43.053,2024/05/28 15:37:37.9069,29.77965053869578,46.66369038128039
43.3,2024/05/28 15:37:38.1539,30.04420115410721,45.3596737201669
43.451,2024/05/28 15:37:38.3049,30.38112314708125,45.36885862938733
43.546,2024/05/28 15:37:38.3999,30.42286269752737,45.38208163287944
43.793,2024/05/28 15:37:38.6469,29.907539509966174,43.900645401482045
43.943,2024/05/28 15:37:38.7969,30.132675966788984,42.386318547380355
44.039,2024/05/28 15:37:38.8929,30.452620067335484,42.40047169548943
44.285,2024/05/28 15:37:39.1389,30.665211109884112,41.14932158209497
44.532,2024/05/28 15:37:39.3859,30.822834497118407,39.8589178645549
44.683,2024/05/28 15:37:39.5369,30.626335298123376,39.87940153345667
44.777,2024/05/28 15:37:39.6309,30.512104249741686,39.89987468652001
45.024,2024/05/28 15:37:39.8779,30.89686217003277,39.08281804919736
45.175,2024/05/28 15:37:40.0289,30.997979170321052,39.14800974081143
45.27,2024/05/28 15:37:40.1239,30.67907669937966,38.53396769950723
45.516,2024/05/28 15:37:40.3699,30.21092517616742,38.53396769950723
45.763,2024/05/28 15:37:40.6169,29.332732491233898,38.523153211196686
45.913,2024/05/28 15:37:40.7669,29.31299582331905,37.54330832518626
46.009,2024/05/28 15:37:40.8629,28.276630211040818,36.53719565958322
46.256,2024/05/28 15:37:41.1099,27.01044923388146,36.53719565958322
46.406,2024/05/28 15:37:41.2599,26.00742599521429,37.5734835577787
46.502,2024/05/28 15:37:41.3559,24.706181459279577,38.57114638344748
46.748,2024/05/28 15:37:41.6019,24.662689955924684,36.75867244610447
46.899,2024/05/28 15:37:41.7529,24.532502484681803,36.533090023520685
46.995,2024/05/28 15:37:41.8489,23.921903587807687,35.23256069793016
47.241,2024/05/28 15:37:42.0949,22.360576967038483,32.0624390837628
47.486,2024/05/28 15:37:42.3399,20.46696244497805,32.0624390837628
47.638,2024/05/28 15:37:42.4919,21.904940921664444,30.943496893531602
47.733,2024/05/28 15:37:42.5869,20.028743712790547,29.782545223670862
47.979,2024/05/28 15:37:42.8329,17.70982583298008,29.782545223670862
48.13,2024/05/28 15:37:42.9839,18.6213324708118,28.472794032198525
48.226,2024/05/28 15:37:43.0799,18.725758275394625,29.439769020833026
48.472,2024/05/28 15:37:43.3259,18.819285779258053,29.439769020833026
48.719,2024/05/28 15:37:43.5729,18.908004751378883,29.425612426365348
48.869,2024/05/28 15:37:43.7229,19.84135354114814,30.435177016077958
48.965,2024/05/28 15:37:43.8189,19.935643582725792,31.430876538843137
49.211,2024/05/28 15:37:44.0649,20.011950452655665,31.404882847523357
49.362,2024/05/28 15:37:44.2159,21.572225651059576,33.00908965724441
49.457,2024/05/28 15:37:44.3109,21.572225651059576,34.55623436275043
49.703,2024/05/28 15:37:44.5569,21.572225651059576,34.55623436275043
49.854,2024/05/28 15:37:44.7079,23.453549102795556,36.39780213144744
49.949,2024/05/28 15:37:44.8029,23.453549102795556,38.15057885100391
50.196,2024/05/28 15:37:45.0499,23.453549102795556,38.15057885100391
50.346,2024/05/28 15:37:45.1999,25.960093158184318,40.463975747982715
50.442,2024/05/28 15:37:45.2959,25.960093158184318,42.65208084021224
50.688,2024/05/28 15:37:45.5419,25.960093158184318,42.65208084021224
50.935,2024/05/28 15:37:45.7889,25.960093158184318,42.65208084021224
51.085,2024/05/28 15:37:45.9389,28.228541845313966,44.63182720884279
51.181,2024/05/28 15:37:46.0349,28.228541845313966,46.52741127550511
51.427,2024/05/28 15:37:46.2809,28.228541845313966,46.52741127550511
51.578,2024/05/28 15:37:46.4319,30.181158010430476,48.141804425398654
51.674,2024/05/28 15:37:46.5279,30.181158010430476,49.70378925863366
51.919,2024/05/28 15:37:46.7729,30.181158010430476,49.70378925863366
52.071,2024/05/28 15:37:46.9249,31.66563821681409,50.904813131962285
52.166,2024/05/28 15:37:47.0199,31.66563821681409,52.07814640838644
52.412,2024/05/28 15:37:47.2659,31.66563821681409,52.07814640838644
52.564,2024/05/28 15:37:47.4179,33.78593871971604,54.50015290498428
52.658,2024/05/28 15:37:47.5119,33.13998522464442,55.64260957216151
52.905,2024/05/28 15:37:47.7589,33.13998522464442,54.44079352838274
53.151,2024/05/28 15:37:48.0049,33.13998522464442,54.44079352838274
53.301,2024/05/28 15:37:48.1549,35.195023159140106,56.243221813832825
53.397,2024/05/28 15:37:48.2509,35.195023159140106,57.98965424970216
53.644,2024/05/28 15:37:48.4979,35.195023159140106,57.98965424970216
53.794,2024/05/28 15:37:48.6479,37.042380202066866,60.272713560947295
54.287,2024/05/28 15:37:49.1409,38.6716950753389,59.76035475128975
54.383,2024/05/28 15:37:49.2369,38.6716950753389,61.38240790324212
54.629,2024/05/28 15:37:49.4829,38.6716950753389,61.38240790324212
54.78,2024/05/28 15:37:49.6339,39.68288087428569,62.393108593818276
54.875,2024/05/28 15:37:49.7289,39.68288087428569,63.387695966961914
55.122,2024/05/28 15:37:49.9759,39.86968715732517,63.40057833595316
55.368,2024/05/28 15:37:50.2219,39.748418605136834,62.34848300747448
55.519,2024/05/28 15:37:50.3729,40.609734974666296,63.21286788832371
55.613,2024/05/28 15:37:50.4669,40.792494238608256,65.08993777843085
55.86,2024/05/28 15:37:50.7139,40.22242755181383,63.633324602758265
56.011,2024/05/28 15:37:50.8649,41.05545730731342,64.00703086380433
56.106,2024/05/28 15:37:50.9599,41.05545730731342,65.53268904396747
56.352,2024/05/28 15:37:51.2059,41.05545730731342,65.53268904396747
56.503,2024/05/28 15:37:51.3569,41.2790336695234,65.73710266407143
56.599,2024/05/28 15:37:51.4529,41.2790336695234,65.9408826146572
56.845,2024/05/28 15:37:51.6989,41.2790336695234,65.9408826146572
56.996,2024/05/28 15:37:51.8499,41.4222578848118,66.06890342664997
57.091,2024/05/28 15:37:51.9449,41.4222578848118,66.19667665374146
57.338,2024/05/28 15:37:52.1919,41.4222578848118,66.19667665374146
57.584,2024/05/28 15:37:52.4379,40.22928538140894,64.35189714893157
57.735,2024/05/28 15:37:52.5889,41.4222578848118,64.35189714893157
57.831,2024/05/28 15:37:52.6849,41.4222578848118,66.19667665374146
58.077,2024/05/28 15:37:52.9309,40.199230849850004,65.0261485865494
58.227,2024/05/28 15:37:53.0809,41.00103727311365,63.149821852480315
58.323,2024/05/28 15:37:53.1769,40.91617447090238,63.28928292636387
58.57,2024/05/28 15:37:53.4239,40.742759035110666,63.28928292636387
58.719,2024/05/28 15:37:53.5729,40.04349646566083,61.23751573450162
58.815,2024/05/28 15:37:53.6689,39.80326619763745,59.11457801027876
59.061,2024/05/28 15:37:53.9149,39.71513507496828,59.148682712860705
59.308,2024/05/28 15:37:54.1619,38.852047683428346,56.820477529379026
59.458,2024/05/28 15:37:54.3119,37.96793868273704,56.82194411786113
59.554,2024/05/28 15:37:54.4079,37.83484983542227,54.50596297654047
59.801,2024/05/28 15:37:54.6549,37.56418262243889,54.50596297654047
59.951,2024/05/28 15:37:54.8049,36.80712387318627,52.38893012841549
60.047,2024/05/28 15:37:54.9009,36.60940146823019,50.23445033042563
60.293,2024/05/28 15:37:55.1469,35.92994460808719,50.21819059530786
60.54,2024/05/28 15:37:55.3939,35.0280019347409,50.21819059530786
60.69,2024/05/28 15:37:55.5439,34.50885277056038,47.960747839596216
60.785,2024/05/28 15:37:55.6389,33.428754227392076,45.59166590507524
61.032,2024/05/28 15:37:55.8859,32.08410284194329,45.59166590507524
61.183,2024/05/28 15:37:56.0369,31.753359854808217,43.40775660332302
61.278,2024/05/28 15:37:56.1319,30.646688895048086,41.56240288209205
61.524,2024/05/28 15:37:56.3779,29.290145845969047,41.56240288209205
61.771,2024/05/28 15:37:56.6249,29.002655447191085,38.701421162536136
62.017,2024/05/28 15:37:56.8709,27.372882797463145,35.61132778578562
62.168,2024/05/28 15:37:57.0219,26.229228234797127,36.950868280280865
62.263,2024/05/28 15:37:57.1169,25.831127084135474,34.87166949449558
62.414,2024/05/28 15:37:57.2679,24.832311172359585,32.88819443711274
62.51,2024/05/28 15:37:57.3639,22.56079908098087,34.55092859340638
62.756,2024/05/28 15:37:57.6099,19.725239097948496,34.55092859340638
63.002,2024/05/28 15:37:57.8559,19.351081825470736,30.869618289401203
63.153,2024/05/28 15:37:58.0069,17.763452082436828,28.642625577973817
63.249,2024/05/28 15:37:58.1029,17.847405555358538,28.70830309625887
63.495,2024/05/28 15:37:58.3489,17.685925308644727,28.39953051255132
63.646,2024/05/28 15:37:58.4999,19.260614329968504,29.70746258658476
63.741,2024/05/28 15:37:58.5949,19.363314050917385,31.243666024758788
63.987,2024/05/28 15:37:58.8409,19.383041527338957,31.10680525758525
64.233,2024/05/28 15:37:59.0869,19.467036683618574,30.969339676525234
64.63,2024/05/28 15:37:59.4839,20.346876966719545,31.93117598836598
64.876,2024/05/28 15:37:59.7299,21.436246025788485,31.949960876345372
64.972,2024/05/28 15:37:59.8259,21.56734973780078,33.223987318401946
65.218,2024/05/28 15:38:00.0719,21.666251101230706,33.21947220130587
65.465,2024/05/28 15:38:00.3189,21.762801755055726,33.21947220130587
65.615,2024/05/28 15:38:00.4689,23.324891740640844,34.874537033964096
65.711,2024/05/28 15:38:00.5649,23.324891740640844,36.38314628139427
65.957,2024/05/28 15:38:00.8109,23.324891740640844,36.38314628139427
66.108,2024/05/28 15:38:00.9619,25.106577422759752,38.44303144481021
66.204,2024/05/28 15:38:01.0579,25.249012726800487,40.15968127363563
66.45,2024/05/28 15:38:01.3039,25.249012726800487,39.919919839598876
66.697,2024/05/28 15:38:01.5509,25.249012726800487,39.919919839598876
66.847,2024/05/28 15:38:01.7009,25.971713171399447,40.6197817161376
66.943,2024/05/28 15:38:01.7969,25.971713171399447,41.30778780488412
67.189,2024/05/28 15:38:02.0429,25.971713171399447,41.30778780488412
67.34,2024/05/28 15:38:02.1939,26.118232500793194,41.94838097789552
67.927,2024/05/28 15:38:02.7809,26.118232500793194,42.579337712087536
68.078,2024/05/28 15:38:02.9319,25.28322327770566,41.714505870260524
68.571,2024/05/28 15:38:03.4249,25.09799185995309,40.5392813618265
68.666,2024/05/28 15:38:03.5199,23.994946786028503,39.25472370726017
68.913,2024/05/28 15:38:03.7669,23.881436064561086,37.79947089576784
69.063,2024/05/28 15:38:03.9169,23.731157074443853,37.958310464683926
69.159,2024/05/28 15:38:04.0129,23.60732401451739,38.116488120846945
69.406,2024/05/28 15:38:04.2599,22.45560114956794,36.668333295456264
69.652,2024/05/28 15:38:04.5059,22.354407624221594,35.161058004559536
69.897,2024/05/28 15:38:04.7509,22.235314151193602,35.16153201061258
70.144,2024/05/28 15:38:04.9979,21.163539455838208,33.80384593504118
70.294,2024/05/28 15:38:05.1479,21.170055842339842,32.68434895583307
70.39,2024/05/28 15:38:05.2439,21.047865537344457,32.97675949311373
70.541,2024/05/28 15:38:05.3949,22.138643595077333,34.26611543006687
70.636,2024/05/28 15:38:05.4899,21.649878553453423,34.58805188693537
70.883,2024/05/28 15:38:05.7369,20.752952981954998,34.57070050394312
71.034,2024/05/28 15:38:05.8879,22.48271366612751,35.04045281290374
71.622,2024/05/28 15:38:06.4759,22.48360833314207,35.465946107968605
71.773,2024/05/28 15:38:06.6269,23.97747985568671,35.97406473187779
71.868,2024/05/28 15:38:06.7219,23.024324967952072,34.848242423399206
72.114,2024/05/28 15:38:06.9679,23.209589773868096,33.202409551115416
72.264,2024/05/28 15:38:07.1179,24.129535485761043,33.36465195382682
72.36,2024/05/28 15:38:07.2139,23.03031485453098,31.14268239356826
72.606,2024/05/28 15:38:07.4599,23.014238471298043,28.56104573248909
72.853,2024/05/28 15:38:07.7069,22.892150941155077,28.56104573248909
73.003,2024/05/28 15:38:07.8569,24.00574643848743,29.014938681077144
73.099,2024/05/28 15:38:07.9529,23.750039322411197,27.763285108214408
73.742,2024/05/28 15:38:08.5959,25.649023642101717,27.115186396802315
73.838,2024/05/28 15:38:08.6919,25.119965041340162,28.228826873723722
74.085,2024/05/28 15:38:08.9389,25.207666230367305,27.26780763708981
74.235,2024/05/28 15:38:09.0889,27.215529711384608,27.997023651333606
74.331,2024/05/28 15:38:09.1849,27.226360620613118,29.209016872648533
74.577,2024/05/28 15:38:09.4309,27.16073907548232,29.199885844525717
74.824,2024/05/28 15:38:09.6779,26.55473635697599,29.03446228191595
75.069,2024/05/28 15:38:09.9229,25.863567772661078,29.03446228191595
75.22,2024/05/28 15:38:10.0739,27.32688457709103,29.97443355038868
75.315,2024/05/28 15:38:10.1689,26.47228001505356,30.88581119759255
75.466,2024/05/28 15:38:10.3199,25.785788654833265,31.080004290003995
75.562,2024/05/28 15:38:10.4159,24.637136719739406,31.272458596449795
75.808,2024/05/28 15:38:10.6619,23.41234569697128,31.271925641593185
76.055,2024/05/28 15:38:10.9089,22.03654227419327,31.271925641593185
76.205,2024/05/28 15:38:11.0589,21.732675753397412,30.96826332446386
76.301,2024/05/28 15:38:11.1549,20.108584545258367,30.661593783320093
76.547,2024/05/28 15:38:11.4009,20.101352387740036,29.2135813164585
76.698,2024/05/28 15:38:11.5519,18.439992769340897,27.738661347176315
77.191,2024/05/28 15:38:12.0449,17.139756835142908,27.84001915708153
77.286,2024/05/28 15:38:12.1399,17.015071074731726,25.98396941705918
77.533,2024/05/28 15:38:12.3869,16.754103974847826,25.40013123325678
77.779,2024/05/28 15:38:12.6329,16.523094252535504,24.675223740964675
77.929,2024/05/28 15:38:12.7829,17.44643691186113,24.507141816213494
78.025,2024/05/28 15:38:12.8789,17.44643691186113,24.991998719590235
78.271,2024/05/28 15:38:13.1249,17.29158322926858,24.774987386475093
78.421,2024/05/28 15:38:13.2749,18.5140207820249,25.241500219545852
78.517,2024/05/28 15:38:13.3709,18.5140207820249,25.908814458918545
78.763,2024/05/28 15:38:13.6169,18.5140207820249,25.908814458918545
78.914,2024/05/28 15:38:13.7679,19.66878032670649,26.531741995830828
79.01,2024/05/28 15:38:13.8639,19.66878032670649,27.14037582643247
79.256,2024/05/28 15:38:14.1099,17.995657202806587,25.98012060531411
79.407,2024/05/28 15:38:14.2609,20.221332766427096,26.458143043935138
79.502,2024/05/28 15:38:14.3559,20.221332766427096,28.048767055493425
79.749,2024/05/28 15:38:14.6029,17.34623746012346,26.326792436603437
79.995,2024/05/28 15:38:14.8489,17.34623746012346,24.484008386427796
80.146,2024/05/28 15:38:14.9999,19.842627977600934,26.603884428155723
80.241,2024/05/28 15:38:15.0949,19.842627977600934,28.566880590408655
80.488,2024/05/28 15:38:15.3419,19.842627977600934,28.566880590408655
80.638,2024/05/28 15:38:15.4919,19.485449920920132,29.20787565024201
80.734,2024/05/28 15:38:15.5879,19.485449920920132,29.83510236840714
80.98,2024/05/28 15:38:15.8339,18.835189614550952,29.632752150281284
81.131,2024/05/28 15:38:15.9849,20.1044685374274,30.812335192257013
81.227,2024/05/28 15:38:16.0809,20.1044685374274,32.13616861626995
81.473,2024/05/28 15:38:16.3269,20.1044685374274,32.13616861626995
81.718,2024/05/28 15:38:16.5719,20.037206770715528,32.13150063929996
81.869,2024/05/28 15:38:16.7229,20.656467635401917,33.02927993967373
81.965,2024/05/28 15:38:16.8189,20.656467635401917,33.907717902172855
82.211,2024/05/28 15:38:17.0649,20.78154021705554,33.867880555673
82.362,2024/05/28 15:38:17.2159,20.855964719183078,34.11646718717126
82.457,2024/05/28 15:38:17.3109,20.855964719183078,34.21013495052794
82.704,2024/05/28 15:38:17.5579,20.855964719183078,34.21013495052794
82.95,2024/05/28 15:38:17.8039,20.855964719183078,34.21013495052794
83.101,2024/05/28 15:38:17.9549,20.633640649114138,33.89444398914567
83.197,2024/05/28 15:38:18.0509,20.633640649114138,33.575784925051764
83.594,2024/05/28 15:38:18.4479,20.502200610789338,33.647189085172236
84.086,2024/05/28 15:38:18.9399,20.275147575181688,33.19688740429339
84.182,2024/05/28 15:38:19.0359,20.72726562356644,33.369646886554456
84.428,2024/05/28 15:38:19.2819,21.159085437506945,33.369646886554456
84.675,2024/05/28 15:38:19.5289,20.843395271327022,32.4766582845793
84.824,2024/05/28 15:38:19.6779,21.11599056334463,32.610325563130054
84.92,2024/05/28 15:38:19.7739,21.51086333412274,33.62935225860488
85.166,2024/05/28 15:38:20.0199,20.50985185193944,32.31459938376667
85.317,2024/05/28 15:38:20.1709,21.411781051937,32.64710298530841
85.413,2024/05/28 15:38:20.2669,21.774708517784564,34.26562903746746
85.659,2024/05/28 15:38:20.5129,22.12150355514352,34.26562903746746
85.81,2024/05/28 15:38:20.6639,21.49367723121239,34.55382275040877
85.905,2024/05/28 15:38:20.7589,21.827984779640747,34.83963260426263
86.152,2024/05/28 15:38:21.0059,22.14707889199554,34.83963260426263
86.398,2024/05/28 15:38:21.2519,20.462721923188706,33.305655175460316
86.549,2024/05/28 15:38:21.4029,21.76005514698893,33.53704419493962
86.645,2024/05/28 15:38:21.4989,22.052419264160083,35.280778525045804
86.891,2024/05/28 15:38:21.7449,20.707070256815456,34.079319242027125
87.041,2024/05/28 15:38:21.8949,21.501162759255617,34.079319242027125
87.629,2024/05/28 15:38:22.4829,21.765970487537853,35.280778525045804
87.78,2024/05/28 15:38:22.6339,21.948738606962863,35.854799771671665
87.875,2024/05/28 15:38:22.7289,21.087229888437644,35.60337062695048
88.122,2024/05/28 15:38:22.9759,21.320218670030876,34.76780119593415
88.273,2024/05/28 15:38:23.1269,21.3330459750762,34.836762191684805
88.369,2024/05/28 15:38:23.2229,21.090282122342586,34.581305161411514
88.615,2024/05/28 15:38:23.4689,21.280934211625762,34.25395354310701
88.861,2024/05/28 15:38:23.7149,21.459397641276905,34.25395354310701
89.011,2024/05/28 15:38:23.8649,21.625974165819535,34.25395354310701
89.107,2024/05/28 15:38:23.9609,21.61406523752436,34.158454297582026
89.353,2024/05/28 15:38:24.2069,21.748404618460665,34.0626873083535
89.504,2024/05/28 15:38:24.3579,21.687434785751236,33.99411713811671
89.599,2024/05/28 15:38:24.4529,21.26464336572027,33.93670579181191
89.846,2024/05/28 15:38:24.6999,21.26464336572027,33.25758058949368
90.092,2024/05/28 15:38:24.9459,21.26464336572027,33.25758058949368
90.339,2024/05/28 15:38:25.1929,21.26464336572027,33.25758058949368
90.488,2024/05/28 15:38:25.3419,20.510720493742333,32.259882206852524
90.585,2024/05/28 15:38:25.4389,20.510720493742333,31.23032714099123
90.832,2024/05/28 15:38:25.6859,20.510720493742333,31.23032714099123
90.981,2024/05/28 15:38:25.8349,18.845286614594546,29.572509757092536
91.078,2024/05/28 15:38:25.9319,19.314963528103355,28.926919411971035
91.323,2024/05/28 15:38:26.1769,19.71754571936909,28.926919411971035
91.474,2024/05/28 15:38:26.3279,17.695411444973704,28.262460378860624
91.57,2024/05/28 15:38:26.4239,18.235874709944422,27.581998960674817
91.816,2024/05/28 15:38:26.6699,18.701803957489666,27.581998960674817
92.062,2024/05/28 15:38:26.9159,19.098654944515403,27.581998960674817
92.213,2024/05/28 15:38:27.0669,17.39140361041165,27.165541899006296
92.309,2024/05/28 15:38:27.1629,17.921155545666213,26.742600222616097
92.555,2024/05/28 15:38:27.4089,18.375677327418096,26.742600222616097
92.706,2024/05/28 15:38:27.5599,16.91955272363385,26.27990360205557
93.294,2024/05/28 15:38:28.1479,17.461583449152972,25.80891318905157
93.445,2024/05/28 15:38:28.2989,16.69964553275158,25.6378626254218
93.54,2024/05/28 15:38:28.3939,17.256849381469422,25.465663156493687
93.787,2024/05/28 15:38:28.6409,17.734439512643032,25.465663156493687
93.936,2024/05/28 15:38:28.7899,17.781043761303433,25.994871289031867
94.526,2024/05/28 15:38:29.3799,18.490413794689896,26.768762890105076
94.675,2024/05/28 15:38:29.5289,18.490413794689896,27.607969863791144
94.771,2024/05/28 15:38:29.6249,19.091311136733054,28.42240899947317
95.017,2024/05/28 15:38:29.8709,19.593718205166038,28.42240899947317
95.168,2024/05/28 15:38:30.0219,19.637549066350925,29.30073946734678
95.264,2024/05/28 15:38:30.1179,20.05223064955604,30.153496204144112
95.51,2024/05/28 15:38:30.3639,20.464828252450705,30.151837976039428
95.757,2024/05/28 15:38:30.6109,20.71373024565253,30.150179656733943
96.003,2024/05/28 15:38:30.8569,20.88446598647509,30.150179656733943
96.249,2024/05/28 15:38:31.1029,20.815251923617996,30.17007347245501
96.4,2024/05/28 15:38:31.2539,20.670958026833947,30.513385041103955
96.645,2024/05/28 15:38:31.4989,20.099207967468377,30.55705046848163
96.988,2024/05/28 15:38:31.8419,19.914876320243078,30.614266826650173
97.138,2024/05/28 15:38:31.9919,19.61259857817187,30.622976123601486
97.235,2024/05/28 15:38:32.0889,18.51997989125304,30.509015061125783
97.48,2024/05/28 15:38:32.3339,18.51997989125304,29.330302873762943
97.631,2024/05/28 15:38:32.4849,18.44186267302134,29.366647748764244
97.726,2024/05/28 15:38:32.5799,16.65363858623461,27.828043409481737
97.973,2024/05/28 15:38:32.8269,16.65363858623461,26.158491291866714
98.219,2024/05/28 15:38:33.0729,16.849605200190947,26.522946040488538
98.37,2024/05/28 15:38:33.2239,16.81324054045702,26.573796617470123
98.466,2024/05/28 15:38:33.3199,14.813631498080488,24.73189573539939
98.712,2024/05/28 15:38:33.5659,15.017078400213673,22.681857654669
98.862,2024/05/28 15:38:33.7159,15.112756277359006,22.684796670898333
98.958,2024/05/28 15:38:33.8119,14.099971468137872,21.352595470652584
99.205,2024/05/28 15:38:34.0589,14.25949975747174,19.928204468374297
99.601,2024/05/28 15:38:34.4549,13.917490855902914,19.108462348743117
99.944,2024/05/28 15:38:34.7979,14.047701984114203,18.251940536100083
100.093,2024/05/28 15:38:34.9469,13.915219485632871,18.405615085257722
100.19,2024/05/28 15:38:35.0439,14.257927820939823,18.14570656289434
100.436,2024/05/28 15:38:35.2899,14.669696656713919,16.841417200857336
100.683,2024/05/28 15:38:35.5369,14.972618686950897,15.427248620541512
100.832,2024/05/28 15:38:35.6859,14.637418590329016,15.049916943292411
100.928,2024/05/28 15:38:35.7819,14.84029928130241,16.144142384571975
101.174,2024/05/28 15:38:36.0279,15.031767127936423,14.489076345072288
101.325,2024/05/28 15:38:36.1789,14.534145289983492,13.299122778088286
101.423,2024/05/28 15:38:36.2769,14.457388835956108,13.945130571875858
101.667,2024/05/28 15:38:36.5209,14.283701828694152,13.943935360339754
101.913,2024/05/28 15:38:36.7669,13.95641820795756,13.943935360339754
102.064,2024/05/28 15:38:36.9179,13.647280896283943,13.93078126548065
102.16,2024/05/28 15:38:37.0139,13.959053421124269,13.19343270974869
102.406,2024/05/28 15:38:37.2599,14.18255363417377,13.010252367524108
102.653,2024/05/28 15:38:37.5069,13.844165541492192,12.791924535945846
102.802,2024/05/28 15:38:37.6559,16.675710190119048,14.803152817333656
102.899,2024/05/28 15:38:37.7529,16.098261489630474,16.572064848211685
103.295,2024/05/28 15:38:38.1489,16.839881507760623,17.397317800933184
103.637,2024/05/28 15:38:38.4909,16.436187996676292,18.126407991289025
103.884,2024/05/28 15:38:38.7379,15.491784993953035,18.06746615697213
104.034,2024/05/28 15:38:38.8879,15.00206882285029,18.397463593296404
104.13,2024/05/28 15:38:38.9839,14.914661459007418,18.44180034595321
104.527,2024/05/28 15:38:39.3809,14.542209669406702,18.412857826348777
104.869,2024/05/28 15:38:39.7229,14.435309519354293,18.383869741343
105.115,2024/05/28 15:38:39.9689,14.323680256553295,18.383869741343
105.266,2024/05/28 15:38:40.1199,14.197943836887914,18.489636737012077
105.361,2024/05/28 15:38:40.2149,14.069000732433587,18.594802141100256
105.608,2024/05/28 15:38:40.4619,13.934823656754652,18.594802141100256
105.854,2024/05/28 15:38:40.7079,13.76485613320524,18.593905811672094
106.004,2024/05/28 15:38:40.8579,13.588407838530207,18.625251676151922
106.1,2024/05/28 15:38:40.9539,12.781137322804682,18.50585492936402
106.347,2024/05/28 15:38:41.2009,12.824231732944186,17.886680332955397
106.497,2024/05/28 15:38:41.3509,12.839414889809682,17.96199691942222
106.592,2024/05/28 15:38:41.4459,12.880708197850907,18.036999011291577
106.839,2024/05/28 15:38:41.6929,11.490125695821215,17.064583206161235
106.989,2024/05/28 15:38:41.8429,11.784657861794859,16.099689437998485
107.085,2024/05/28 15:38:41.9389,11.833130967997016,16.165807537309522
107.331,2024/05/28 15:38:42.1849,11.094215123001085,15.61089363233252
107.578,2024/05/28 15:38:42.4319,11.152495726050004,15.03551351523009
107.728,2024/05/28 15:38:42.5819,12.427675826026501,15.660991880039612
107.824,2024/05/28 15:38:42.6779,12.459820481724575,16.26243114256496
108.07,2024/05/28 15:38:42.9239,12.471761206270287,16.236789502033133
108.22,2024/05/28 15:38:43.0739,14.615729206232063,17.56227016456965
108.317,2024/05/28 15:38:43.1709,14.619503584509664,18.81665928550195
108.563,2024/05/28 15:38:43.4169,14.620447026831538,18.81665928550195
108.81,2024/05/28 15:38:43.6639,12.027554571297296,17.263641948712134
108.959,2024/05/28 15:38:43.8129,13.789051128866626,16.88786546606764
109.056,2024/05/28 15:38:43.9099,12.103243604387213,17.33108959836821
109.302,2024/05/28 15:38:44.1559,12.03008680375002,16.502525059315417
109.452,2024/05/28 15:38:44.3059,12.363461182605985,16.86317486912434
109.549,2024/05/28 15:38:44.4029,11.260193338615414,16.86317486912434
109.794,2024/05/28 15:38:44.6479,11.260193338615414,16.233709783451637
110.04,2024/05/28 15:38:44.8939,11.230909728661508,16.220357579289058
110.191,2024/05/28 15:38:45.0449,12.191432831409527,16.465114636709945
110.287,2024/05/28 15:38:45.1409,12.279363119506707,16.75509872645737
110.533,2024/05/28 15:38:45.3869,12.128431496888798,16.63430190900718
110.779,2024/05/28 15:38:45.6329,12.216250718170745,16.51262143533445
110.93,2024/05/28 15:38:45.7839,15.26034602882759,18.20622604129331
111.026,2024/05/28 15:38:45.8799,15.305922525866583,19.75516810018752
111.272,2024/05/28 15:38:46.1259,15.305922525866583,19.72477291800001
111.423,2024/05/28 15:38:46.2769,16.401009220419667,20.25833161936096
111.518,2024/05/28 15:38:46.3719,16.42747908126906,20.807050087250076
112.161,2024/05/28 15:38:47.0149,16.593898615587097,20.8222637257976
112.257,2024/05/28 15:38:47.1109,16.614666004370882,20.837466256721328
112.653,2024/05/28 15:38:47.5069,16.624867124177797,20.838266082698276
112.996,2024/05/28 15:38:47.8499,16.5423872132368,20.78781694486781
113.242,2024/05/28 15:38:48.0959,16.656261119554287,20.775787189257915
113.392,2024/05/28 15:38:48.2459,16.655398489696733,20.827065723876387
113.885,2024/05/28 15:38:48.7389,16.655398489696733,20.847062143141418
113.981,2024/05/28 15:38:48.8349,15.968395510270682,20.519096796236752
114.227,2024/05/28 15:38:49.0809,15.955433622092032,20.086479698211598
114.474,2024/05/28 15:38:49.3279,15.939865443122384,20.086479698211598
114.623,2024/05/28 15:38:49.4769,14.272552228892254,19.199826388103965
114.72,2024/05/28 15:38:49.5739,14.24014077161539,18.270194306574847
114.966,2024/05/28 15:38:49.8199,14.204742610962686,18.270194306574847
115.116,2024/05/28 15:38:49.9699,14.982940490676269,18.923530326025322
115.213,2024/05/28 15:38:50.0669,12.84572472374302,18.41738309315414
115.609,2024/05/28 15:38:50.4629,14.591171949181984,18.550831068535267
115.951,2024/05/28 15:38:50.8049,14.558996112923193,19.80572307861207
116.197,2024/05/28 15:38:51.0509,13.812538032402784,19.499572644889767
116.348,2024/05/28 15:38:51.2019,16.556972348027674,21.249313714408128
116.443,2024/05/28 15:38:51.2969,16.534047073953133,23.127184581497737
116.69,2024/05/28 15:38:51.5439,16.534047073953133,23.101226518664905
116.84,2024/05/28 15:38:51.6939,18.426274344178022,24.6448101365514
116.936,2024/05/28 15:38:51.7899,18.426274344178022,26.097254006248754
117.183,2024/05/28 15:38:52.0369,18.426274344178022,26.097254006248754
117.429,2024/05/28 15:38:52.2829,18.426274344178022,26.097254006248754
117.578,2024/05/28 15:38:52.4319,17.742863224471723,26.151481793581027
117.675,2024/05/28 15:38:52.5289,17.742863224471723,26.20559736646607
117.922,2024/05/28 15:38:52.7759,17.742863224471723,26.20559736646607
118.071,2024/05/28 15:38:52.9249,17.058418894271036,26.239283526803852
118.168,2024/05/28 15:38:53.0219,17.058418894271036,26.272926496046583
118.414,2024/05/28 15:38:53.2679,16.792205361999027,26.209413067318643
118.661,2024/05/28 15:38:53.5149,16.792205361999027,26.145745351777602
118.81,2024/05/28 15:38:53.6639,16.738729266920856,26.17632518135424
118.907,2024/05/28 15:38:53.7609,16.738729266920856,26.206869328479506
119.152,2024/05/28 15:38:54.0059,16.56405192252071,26.175688465953797
119.4,2024/05/28 15:38:54.2539,16.581009771949336,26.134906415239627
119.549,2024/05/28 15:38:54.4029,16.576537913430847,26.150207137484273
119.645,2024/05/28 15:38:54.4989,16.396698574345344,26.073613737518883
119.891,2024/05/28 15:38:54.7449,16.396698574345344,26.042273326267047
120.138,2024/05/28 15:38:54.9919,16.396698574345344,26.042273326267047
120.288,2024/05/28 15:38:55.1419,16.416840246471562,26.06594201891298
120.384,2024/05/28 15:38:55.2379,16.416840246471562,26.08958923913266
120.534,2024/05/28 15:38:55.3879,16.495210032703277,26.39696952303427
120.63,2024/05/28 15:38:55.4839,16.234063803811257,26.21449980449751
120.877,2024/05/28 15:38:55.7309,16.234063803811257,25.747491787227222
121.273,2024/05/28 15:38:56.1269,15.381882162160254,25.011997121381572
121.616,2024/05/28 15:38:56.4699,15.381882162160254,24.254209256676802
121.765,2024/05/28 15:38:56.6189,15.352149873784281,24.408331910777243
121.862,2024/05/28 15:38:56.7159,13.280743989684888,22.802046691762854
122.108,2024/05/28 15:38:56.9619,13.467542932684106,20.934023343192617
122.355,2024/05/28 15:38:57.2089,13.647659897933675,20.934023343192617
122.504,2024/05/28 15:38:57.3579,11.614299549391756,19.835153978059594
122.997,2024/05/28 15:38:57.8509,12.648383659401436,17.65597160547483
123.093,2024/05/28 15:38:57.9469,12.842503068229444,19.177243458502232
123.339,2024/05/28 15:38:58.1929,13.029409704257178,19.177243458502232
123.49,2024/05/28 15:38:58.3439,12.568936347979184,19.32959734017585
123.585,2024/05/28 15:38:58.4389,12.752281743091508,19.480759738778158
123.832,2024/05/28 15:38:58.6859,12.928672581230321,19.480759738778158
124.078,2024/05/28 15:38:58.9319,12.48580803548036,18.846750383023593
124.228,2024/05/28 15:38:59.0819,13.278147288018465,19.404466839708153
124.324,2024/05/28 15:38:59.1779,13.441059071573603,20.546694786915648
124.571,2024/05/28 15:38:59.4249,13.597878468738756,20.546694786915648
124.817,2024/05/28 15:38:59.6709,13.771910442687126,20.50690940471853
124.967,2024/05/28 15:38:59.8209,14.018419738117307,21.05231578710523
125.064,2024/05/28 15:38:59.9179,14.168282531241104,21.621748310439653
125.31,2024/05/28 15:39:00.1639,14.312642108917064,21.621748310439653
125.459,2024/05/28 15:39:00.3129,14.312642108917064,21.73476477903545
125.556,2024/05/28 15:39:00.4099,14.451663389127878,21.847196616499794
125.803,2024/05/28 15:39:00.6569,14.585499018175938,21.847196616499794
126.049,2024/05/28 15:39:00.9029,14.71429049691498,21.847196616499794
126.198,2024/05/28 15:39:01.0519,14.4546854353355,21.619435700313733
126.295,2024/05/28 15:39:01.1489,14.57083372365208,21.38924963620744
126.541,2024/05/28 15:39:01.3949,14.250468836813239,21.008728344825315
126.691,2024/05/28 15:39:01.5449,14.314569380590648,20.887795479657495
126.787,2024/05/28 15:39:01.6409,14.416784598548288,21.1163443805977
127.033,2024/05/28 15:39:01.8869,14.208990192792436,20.859050793360662
127.28,2024/05/28 15:39:02.1339,14.293958212452276,20.59854363784003
127.429,2024/05/28 15:39:02.2829,14.327892578713309,20.843064394021656
127.526,2024/05/28 15:39:02.3799,14.408809565799325,21.084749623049042
127.772,2024/05/28 15:39:02.6259,14.408809565799325,21.04598140580128
127.922,2024/05/28 15:39:02.7759,14.39092945485918,21.247744978389274
128.019,2024/05/28 15:39:02.8729,13.609031821788758,20.328141413649536
128.265,2024/05/28 15:39:03.1189,12.152337649392882,20.287927444665215
128.511,2024/05/28 15:39:03.3649,12.122174987880882,18.85647545716502
128.661,2024/05/28 15:39:03.5149,12.110079396458472,18.86001060445089
128.758,2024/05/28 15:39:03.6119,9.96020818690359,16.98038083593337
129.004,2024/05/28 15:39:03.8579,9.92940599675023,14.860462083439174
129.154,2024/05/28 15:39:04.0079,9.898566017127173,14.861583585428125
129.25,2024/05/28 15:39:04.1039,9.826600071517053,14.862705002791383
129.497,2024/05/28 15:39:04.3509,8.26187755232904,13.238831771220099
129.743,2024/05/28 15:39:04.5969,8.195597360289028,11.385663499916609
129.893,2024/05/28 15:39:04.7469,8.441822541140807,11.503622617824933
130.385,2024/05/28 15:39:05.2389,8.981206431517798,11.555662392668511
130.481,2024/05/28 15:39:05.3349,8.596243499277483,10.553040636075778
130.727,2024/05/28 15:39:05.5809,8.62027815109916,9.330952077181978
130.974,2024/05/28 15:39:05.8279,8.590893333983361,9.330952077181978
131.123,2024/05/28 15:39:05.9769,8.911377204348279,9.003702941938204
131.22,2024/05/28 15:39:06.0739,8.804975082696878,8.66410218468519
131.862,2024/05/28 15:39:06.7159,8.541985556145319,8.893818077743664
131.959,2024/05/28 15:39:06.8129,8.351474506744111,9.11774826003292
132.206,2024/05/28 15:39:07.0599,8.40744060170984,9.0
132.355,2024/05/28 15:39:07.2089,9.676610026719626,11.048378463225573
132.452,2024/05/28 15:39:07.3059,9.470098131524525,12.855608374039194
132.698,2024/05/28 15:39:07.5519,9.527274821125712,12.475308947410213
133.094,2024/05/28 15:39:07.9479,12.177282410150761,15.14375558880073
133.437,2024/05/28 15:39:08.2909,12.02722008564409,17.682382946499793
133.683,2024/05/28 15:39:08.5369,11.836481692233932,17.682382946499793
133.832,2024/05/28 15:39:08.6859,12.65097333950226,18.20256392196806
133.929,2024/05/28 15:39:08.7829,12.499241356289327,18.708286933869708
134.325,2024/05/28 15:39:09.1789,13.461908798746272,19.890533761901246
134.668,2024/05/28 15:39:09.5219,13.517124090507417,20.80224346875436
134.915,2024/05/28 15:39:09.7689,13.58333157041155,20.79503145785871
135.064,2024/05/28 15:39:09.9179,15.243954897583361,22.359189013319185
135.161,2024/05/28 15:39:10.0149,15.318983790311663,23.82085920644621
135.407,2024/05/28 15:39:10.2609,15.381321707554253,23.818060374430157
135.557,2024/05/28 15:39:10.4109,16.388564838669687,24.856923918028688
135.653,2024/05/28 15:39:10.5069,16.468151080191603,25.85665613853939
135.899,2024/05/28 15:39:10.7529,16.539607634090686,25.856011551152534
136.146,2024/05/28 15:39:10.9999,16.61217528850775,25.855366947695792
136.295,2024/05/28 15:39:11.1489,16.79436139639312,26.165498912371866
136.392,2024/05/28 15:39:11.2459,16.86964900261058,26.471997783821806
136.638,2024/05/28 15:39:11.4919,16.830083901690653,26.420951282394558
136.788,2024/05/28 15:39:11.6419,16.585168557840166,26.40075756488817
136.885,2024/05/28 15:39:11.7389,16.585168557840166,26.362852652928137
137.527,2024/05/28 15:39:12.3809,16.70377478158871,26.378652985574025
137.624,2024/05/28 15:39:12.4779,16.624348574222612,26.469479279603014
137.87,2024/05/28 15:39:12.7239,16.44580091744115,26.45940286552212
138.02,2024/05/28 15:39:12.8739,16.541136460422393,26.525459468216567
138.116,2024/05/28 15:39:12.9699,16.543359955604718,26.525459468216567
138.363,2024/05/28 15:39:13.2169,16.45827186079068,26.449322612624066
138.609,2024/05/28 15:39:13.4629,16.369301237026647,26.449322612624066
138.759,2024/05/28 15:39:13.6129,15.603565758115423,25.620304447839803
138.855,2024/05/28 15:39:13.7089,15.521620071860685,24.763548480242758
139.101,2024/05/28 15:39:13.9549,15.445863933224791,24.787765799549852
139.347,2024/05/28 15:39:14.2009,13.432718676221075,23.045606956641432
139.594,2024/05/28 15:39:14.4479,13.371955556399175,21.160497788725735
139.743,2024/05/28 15:39:14.5969,13.490567160014692,21.224200024186228
139.84,2024/05/28 15:39:14.6939,12.75120007874913,20.417312914942226
139.99,2024/05/28 15:39:14.8439,12.98456200935284,19.630758178599894
140.579,2024/05/28 15:39:15.4329,12.366110530606973,18.435473052424413
140.729,2024/05/28 15:39:15.5829,12.324165589251104,17.250120772524077
140.825,2024/05/28 15:39:15.6789,12.577164126752962,17.34646938140439
141.072,2024/05/28 15:39:15.9259,11.23566775430256,15.27743433957417
141.317,2024/05/28 15:39:16.1709,11.488324908158692,12.880217389469792
141.467,2024/05/28 15:39:16.3209,11.865191048639161,12.900904361064512
141.564,2024/05/28 15:39:16.4179,11.097530014098195,10.782702196883056
141.81,2024/05/28 15:39:16.6639,11.226815189997653,8.097324661063471
141.96,2024/05/28 15:39:16.8139,12.71979180050889,8.959166627910582
142.056,2024/05/28 15:39:16.9099,12.650064740192116,9.745084230865666
142.303,2024/05/28 15:39:17.1569,12.779113706609476,8.878813734578134
142.549,2024/05/28 15:39:17.4029,12.631333053667028,7.918333157931662
142.699,2024/05/28 15:39:17.5529,13.322869457242703,8.573214099741124
142.795,2024/05/28 15:39:17.6489,13.10211880733026,9.17423929634859
143.042,2024/05/28 15:39:17.8959,12.723586568748296,9.166969691961096
143.288,2024/05/28 15:39:18.1419,11.94219795322627,9.121403400793104
143.438,2024/05/28 15:39:18.2919,12.048560747739677,9.04064894425911
143.534,2024/05/28 15:39:18.3879,11.78231677157624,9.223159256278006
143.781,2024/05/28 15:39:18.6349,10.743027677437171,9.001851661371305
143.93,2024/05/28 15:39:18.7839,10.344024873072044,8.895691841185448
144.027,2024/05/28 15:39:18.8809,9.887237797503849,9.014802641581603
144.273,2024/05/28 15:39:19.1269,9.359302950762915,9.014802641581603
144.668,2024/05/28 15:39:19.5219,8.955573619294098,9.368386556214825
145.012,2024/05/28 15:39:19.8659,8.294576541332429,9.709102258533827
145.161,2024/05/28 15:39:20.0149,7.965153994803996,9.674709297958259
145.258,2024/05/28 15:39:20.1119,7.582193295639243,9.702233419854077
145.504,2024/05/28 15:39:20.3579,7.14738116174642,9.702233419854077
145.753,2024/05/28 15:39:20.6069,7.090547374426664,9.563820714895625
145.9,2024/05/28 15:39:20.7539,6.584900875507056,9.437513796899408
145.997,2024/05/28 15:39:20.8509,6.568472241414335,9.186947262284681
146.243,2024/05/28 15:39:21.0969,6.568472241414335,9.179687721631202
146.393,2024/05/28 15:39:21.2469,6.422750511887792,9.086620200419222
146.49,2024/05/28 15:39:21.3439,6.422750511887792,8.9925895417653
146.736,2024/05/28 15:39:21.5899,6.422750511887792,8.9925895417653
146.982,2024/05/28 15:39:21.8359,6.422750511887792,8.9925895417653
147.132,2024/05/28 15:39:21.9859,8.02646484643504,10.142320576015464
147.229,2024/05/28 15:39:22.0829,8.02646484643504,11.17437544861755
147.475,2024/05/28 15:39:22.3289,8.02646484643504,11.17437544861755
147.624,2024/05/28 15:39:22.4779,9.68444658961717,12.581732790041283
147.72,2024/05/28 15:39:22.5739,9.68444658961717,13.846780612594875
147.968,2024/05/28 15:39:22.8219,9.68444658961717,13.846780612594875
148.213,2024/05/28 15:39:23.0669,9.68444658961717,13.846780612594875
148.363,2024/05/28 15:39:23.2169,10.747680851150195,14.97108323847454
148.459,2024/05/28 15:39:23.3129,10.747680851150195,16.0166579951416
148.706,2024/05/28 15:39:23.5599,10.747680851150195,16.0166579951416
148.855,2024/05/28 15:39:23.7089,11.499575204548924,16.758082626999226
148.952,2024/05/28 15:39:23.8059,11.191591671337449,17.372391890583174
149.198,2024/05/28 15:39:24.0519,11.191591671337449,17.27618785110496
149.445,2024/05/28 15:39:24.2989,11.191591671337449,17.27618785110496
149.594,2024/05/28 15:39:24.4479,11.694629870847148,17.763257959432256
149.691,2024/05/28 15:39:24.5449,11.694629870847148,18.237324365158393
149.937,2024/05/28 15:39:24.7909,11.694629870847148,18.237324365158393
150.087,2024/05/28 15:39:24.9409,12.55795759073078,18.97893569197177
150.184,2024/05/28 15:39:25.0379,12.55795759073078,19.692638218379983
150.43,2024/05/28 15:39:25.2839,12.605827880458401,19.679092119980197
150.825,2024/05/28 15:39:25.6789,13.321834121765423,20.463789157110337
151.168,2024/05/28 15:39:26.0219,13.321834121765423,21.23205124334434
151.318,2024/05/28 15:39:26.1719,13.833824946257451,21.881499034572563
151.415,2024/05/28 15:39:26.2689,13.78738387160542,22.50629541557947
151.661,2024/05/28 15:39:26.5149,13.78738387160542,22.503333086456326
151.907,2024/05/28 15:39:26.7609,13.78738387160542,22.503333086456326
152.057,2024/05/28 15:39:26.9109,13.785257826147108,22.514439810930227
152.154,2024/05/28 15:39:27.0079,13.785257826147108,22.525541058984576
152.796,2024/05/28 15:39:27.6499,14.204135709869323,22.631835983852483
152.893,2024/05/28 15:39:27.7469,14.204135709869323,22.737634001804146
153.289,2024/05/28 15:39:28.1429,14.108935784301224,22.297234507146097
153.632,2024/05/28 15:39:28.4859,14.108935784301224,21.84795947756525
153.878,2024/05/28 15:39:28.7319,14.108935784301224,21.84795947756525
154.027,2024/05/28 15:39:28.8809,12.85556366875442,20.81425793376582
154.124,2024/05/28 15:39:28.9779,12.85556366875442,19.726462767899704
154.37,2024/05/28 15:39:29.2239,12.85556366875442,19.726462767899704
154.52,2024/05/28 15:39:29.3739,13.472150926067108,20.424658299875343
154.616,2024/05/28 15:39:29.4699,12.343735904983294,20.049937655763422
154.862,2024/05/28 15:39:29.7159,12.343735904983294,18.94201678808252
155.012,2024/05/28 15:39:29.8659,14.315171599776658,20.72036035722674
155.109,2024/05/28 15:39:29.9629,13.869216719548803,21.807491067673663
155.751,2024/05/28 15:39:30.6049,16.027992754058584,23.194108447333488
155.848,2024/05/28 15:39:30.7019,16.027992754058584,24.99333244420733
156.094,2024/05/28 15:39:30.9479,15.95831495152199,25.025986494042545
156.244,2024/05/28 15:39:31.0979,18.26358728973226,26.405176260220898
156.341,2024/05/28 15:39:31.1949,18.183894604526284,27.7158197906298
156.587,2024/05/28 15:39:31.4409,18.100739808339586,27.7158197906298
156.982,2024/05/28 15:39:31.8359,19.66293555099979,28.589625157855195
157.325,2024/05/28 15:39:32.1789,19.572911142053577,29.43750442321269
157.571,2024/05/28 15:39:32.4249,19.479579640960374,29.43750442321269
157.721,2024/05/28 15:39:32.5749,19.963299660460567,29.586596064208987
157.818,2024/05/28 15:39:32.6719,19.864512341729508,29.734940165849782
158.064,2024/05/28 15:39:32.9179,19.602838171240105,29.287653826598447
158.46,2024/05/28 15:39:33.3139,19.623496355018247,28.934984591897287
158.803,2024/05/28 15:39:33.6569,19.513302270944628,29.06429653945427
159.049,2024/05/28 15:39:33.9029,19.390867621807118,29.06429653945427
159.199,2024/05/28 15:39:34.0529,23.342920854576064,31.941091611485874
159.296,2024/05/28 15:39:34.1499,23.277338395070725,34.579377283770356
159.542,2024/05/28 15:39:34.3959,22.89546459128066,34.50990196064505
160.183,2024/05/28 15:39:35.0369,26.942446108304004,37.481106351511734
160.281,2024/05/28 15:39:35.1349,26.738065336352374,40.25957443060388
160.528,2024/05/28 15:39:35.3819,26.683241975046133,40.2260280581284
160.676,2024/05/28 15:39:35.5299,31.43321692790604,43.80601176398813
160.773,2024/05/28 15:39:35.6269,31.44928411370257,47.07193077266607
161.02,2024/05/28 15:39:35.8739,31.435465731354178,47.02906902473547
161.266,2024/05/28 15:39:36.1199,31.414470638819573,47.02906902473547
161.416,2024/05/28 15:39:36.2699,39.50620495422309,53.176435884076824
161.512,2024/05/28 15:39:36.3659,39.54650979266858,58.683330966581416
161.759,2024/05/28 15:39:36.6129,39.58108221064123,58.683330966581416
162.005,2024/05/28 15:39:36.8589,38.84570125183931,58.07925619358429
162.154,2024/05/28 15:39:37.0079,48.21266347693581,65.0561296112826
162.251,2024/05/28 15:39:37.1049,47.28052744906831,71.24067190399971
162.497,2024/05/28 15:39:37.3509,47.3801452184306,70.6295500009262
162.893,2024/05/28 15:39:37.7469,55.265461767435326,77.35976559771451
163.236,2024/05/28 15:39:38.0899,53.97808197160561,83.01827108133085
163.482,2024/05/28 15:39:38.3359,54.06722082571041,82.47363214991807
163.632,2024/05/28 15:39:38.4859,59.73313256842329,87.74071650797784
163.729,2024/05/28 15:39:38.5829,58.458945216811095,92.25851360895282
163.975,2024/05/28 15:39:38.8289,58.56778173596228,91.80577323894178
164.221,2024/05/28 15:39:39.0749,58.78970900640284,91.81230854302706
164.371,2024/05/28 15:39:39.2249,59.28826908060962,93.76566535784833
164.468,2024/05/28 15:39:39.3219,59.537383214246645,95.67915133402887
164.714,2024/05/28 15:39:39.5679,59.66304811476602,95.67061548180124
164.96,2024/05/28 15:39:39.8139,60.00494232518128,95.63141046051065
165.207,2024/05/28 15:39:40.0609,60.126533244484136,95.59218936014943
165.355,2024/05/28 15:39:40.2089,60.255480983108974,96.67419510913965
165.453,2024/05/28 15:39:40.3069,60.24719195058879,96.83129659361171
165.699,2024/05/28 15:39:40.5529,60.36692403329356,95.90967973393856
165.945,2024/05/28 15:39:40.7989,60.48573499537796,95.90967973393856
166.191,2024/05/28 15:39:41.0449,60.12008098739628,94.76268604607336
166.341,2024/05/28 15:39:41.1949,60.751434399602864,95.09679279555121
166.437,2024/05/28 15:39:41.2909,60.86870173229233,96.56880103497885
166.684,2024/05/28 15:39:41.5379,60.014940668539595,94.99842103950992
166.93,2024/05/28 15:39:41.7839,60.12137149421061,93.40164167008344
167.08,2024/05/28 15:39:41.9339,83.57140246726084,113.58286255710703
167.176,2024/05/28 15:39:42.0299,83.67605845533568,130.68384240856506
167.423,2024/05/28 15:39:42.2769,81.88110949391246,128.19607378283212
167.669,2024/05/28 15:39:42.5229,81.97522053406904,125.65906254624058
167.819,2024/05/28 15:39:42.6729,89.93384541830847,133.50592995568897
167.916,2024/05/28 15:39:42.7699,90.0375400635186,140.91652375313078
168.162,2024/05/28 15:39:43.0159,87.2525795817993,137.57846246172883
168.408,2024/05/28 15:39:43.2619,87.34532470101931,134.1573702783414
168.557,2024/05/28 15:39:43.4109,89.82594280050759,137.45811483260394
168.655,2024/05/28 15:39:43.5089,86.6655614429973,137.0898731975974
168.901,2024/05/28 15:39:43.7549,86.75678780294434,133.40164916521834
169.545,2024/05/28 15:39:44.3989,88.03774007867865,135.56105635469206
169.639,2024/05/28 15:39:44.4929,85.16083498940114,134.39146798315235
169.885,2024/05/28 15:39:44.7389,85.2496266887707,131.01348531099129
170.132,2024/05/28 15:39:44.9859,85.33784111656936,131.01348531099129
170.281,2024/05/28 15:39:45.1349,85.49165449624779,132.03534880225573
170.378,2024/05/28 15:39:45.2319,84.85878059268948,131.552397672309
170.624,2024/05/28 15:39:45.4779,84.85878059268948,130.0105123954726
170.774,2024/05/28 15:39:45.6279,84.89431563765775,130.8696552553978
170.871,2024/05/28 15:39:45.7249,84.89431563765775,131.72319461658984
171.117,2024/05/28 15:39:45.9709,84.89431563765775,131.72319461658984
171.363,2024/05/28 15:39:46.2169,84.90982370090985,130.93115239188367
171.512,2024/05/28 15:39:46.3659,86.78063240677379,132.8362400351149
171.61,2024/05/28 15:39:46.4639,86.78063240677379,135.4843164355196
172.349,2024/05/28 15:39:47.2029,86.78063240677379,135.4843164355196
172.497,2024/05/28 15:39:47.3509,87.6767902025955,137.45411355551835
172.595,2024/05/28 15:39:47.4489,87.68523250810286,138.38039360159854
172.84,2024/05/28 15:39:47.6939,87.68523250810286,137.35719857364595
172.99,2024/05/28 15:39:47.8439,88.39581828149583,139.18081764381182
173.087,2024/05/28 15:39:47.9409,88.39581828149583,140.98084976336324
173.333,2024/05/28 15:39:48.1869,67.37901034063061,125.29325600366525
173.483,2024/05/28 15:39:48.3369,67.78349577036158,108.70019932517756
174.072,2024/05/28 15:39:48.9259,67.78349577036158,110.04665677187411
174.222,2024/05/28 15:39:49.0759,67.48329720974594,110.6652610352499
174.318,2024/05/28 15:39:49.1719,55.67856229151953,101.73347531663312
174.565,2024/05/28 15:39:49.4189,55.67856229151953,91.19247044941083
174.811,2024/05/28 15:39:49.6649,55.67856229151953,91.19247044941083
174.96,2024/05/28 15:39:49.8139,55.35557993450258,91.61259011002072
175.057,2024/05/28 15:39:49.9109,50.08894387837117,87.02375154711116
175.304,2024/05/28 15:39:50.1579,50.08894387837117,81.71046444611608
175.55,2024/05/28 15:39:50.4039,50.08894387837117,81.71046444611608
175.7,2024/05/28 15:39:50.5539,46.72275775202126,78.91831219685328
175.796,2024/05/28 15:39:50.6499,46.72275775202126,76.02368052126916
176.043,2024/05/28 15:39:50.8969,46.72275775202126,76.02368052126916
176.289,2024/05/28 15:39:51.1429,46.72275775202126,76.02368052126916
176.438,2024/05/28 15:39:51.2919,45.87895117501684,75.25777922137574
176.535,2024/05/28 15:39:51.3889,45.85816464238244,74.4434908728314
176.781,2024/05/28 15:39:51.6349,45.85816464238244,74.44326698902998
176.93,2024/05/28 15:39:51.7839,44.9009254186182,73.49149610669251
177.027,2024/05/28 15:39:51.8809,44.9009254186182,72.52723626335144
177.274,2024/05/28 15:39:52.1279,44.9009254186182,72.52723626335144
177.52,2024/05/28 15:39:52.3739,44.9009254186182,72.52723626335144
177.669,2024/05/28 15:39:52.5229,38.79982521586461,67.67323449242446
177.766,2024/05/28 15:39:52.6199,38.79982521586461,62.44304071178255
178.013,2024/05/28 15:39:52.8669,38.79982521586461,62.44304071178255
178.162,2024/05/28 15:39:53.0159,33.38566007810246,58.03475969910906
178.259,2024/05/28 15:39:53.1129,33.54326422268222,53.33947881260183
178.505,2024/05/28 15:39:53.3589,33.698460007789386,53.33947881260183
178.752,2024/05/28 15:39:53.6059,27.523448728040623,48.38181476546741
178.9,2024/05/28 15:39:53.7539,27.41819598851084,42.9538512049075
178.998,2024/05/28 15:39:53.8519,27.57051565229343,43.053068028500206
179.244,2024/05/28 15:39:54.0979,23.260864474304757,39.48459615259264
179.393,2024/05/28 15:39:54.2469,23.201862786889084,35.627236771885634
179.49,2024/05/28 15:39:54.3439,21.084531563788264,33.72783222602168
179.736,2024/05/28 15:39:54.5899,21.21634589964419,31.639110817678382
179.983,2024/05/28 15:39:54.8369,21.344707815384893,31.639110817678382
180.229,2024/05/28 15:39:55.0829,21.344707815384893,31.664912232101113
180.379,2024/05/28 15:39:55.2329,19.959844746361732,30.494261755287667
180.475,2024/05/28 15:39:55.3289,19.959844746361732,29.27683953799203
180.625,2024/05/28 15:39:55.4789,19.94601910559933,29.358701152015108
180.722,2024/05/28 15:39:55.5759,19.94601910559933,29.440335143019915
180.968,2024/05/28 15:39:55.8219,16.91904320546872,27.10043050088565
181.214,2024/05/28 15:39:56.0679,16.896201028497916,24.562844569254054
181.363,2024/05/28 15:39:56.2169,16.887048699909503,24.579802006254376
181.953,2024/05/28 15:39:56.8069,16.861300313910373,24.596747752497688
182.102,2024/05/28 15:39:56.9559,12.428230748591618,21.576993920995267
182.595,2024/05/28 15:39:57.4489,13.264766224419978,17.70781371786666
182.692,2024/05/28 15:39:57.5459,13.28398915296529,18.482424083436676
182.938,2024/05/28 15:39:57.7919,9.743609753807286,16.070677231114644
183.087,2024/05/28 15:39:57.9409,10.791706053272332,14.386336109887974
183.184,2024/05/28 15:39:58.0379,10.855423984583123,15.459624833740307
183.431,2024/05/28 15:39:58.2849,10.914979688904635,15.459624833740307
183.677,2024/05/28 15:39:58.5309,9.41416150178089,14.45683229480096
183.826,2024/05/28 15:39:58.6799,9.670193569839462,13.821480866149377
183.923,2024/05/28 15:39:58.7769,9.75893342580014,14.250146198080449
184.17,2024/05/28 15:39:59.0239,12.148742898876154,15.406708495543969
184.416,2024/05/28 15:39:59.2699,14.204621232817997,14.922019523732928
184.565,2024/05/28 15:39:59.4189,14.177406341595816,16.024980499208105
184.662,2024/05/28 15:39:59.5159,15.751701239994185,17.056767962698366
184.908,2024/05/28 15:39:59.7619,17.15343201476226,16.804761230080004
185.057,2024/05/28 15:39:59.9109,17.109149263062783,17.216271373325874
185.796,2024/05/28 15:40:00.6499,16.959078537102243,17.25108692227826
185.893,2024/05/28 15:40:00.7469,18.12666163608135,18.08129788851822
186.14,2024/05/28 15:40:00.9939,18.939376969689913,17.94807324849476
186.289,2024/05/28 15:40:01.1429,18.861381819420124,19.739132030900784
186.386,2024/05/28 15:40:01.2399,19.499955791285593,21.380676634132357
186.632,2024/05/28 15:40:01.4859,20.171135630987763,21.342445970413046
186.879,2024/05/28 15:40:01.7329,20.86356886410266,21.247744978389274
187.027,2024/05/28 15:40:01.8809,21.228613308186965,23.260839767013287
187.125,2024/05/28 15:40:01.9789,21.592383714698727,24.63331078032346
187.371,2024/05/28 15:40:02.2249,21.772623324643533,24.535688292770594
187.52,2024/05/28 15:40:02.3739,22.150088866224404,25.93324764338885
187.618,2024/05/28 15:40:02.4719,22.397172440586427,27.237229423468655
187.863,2024/05/28 15:40:02.7169,22.507827501796065,27.221927436045622
188.11,2024/05/28 15:40:02.9639,22.664570558930162,27.206616842231597
188.259,2024/05/28 15:40:03.1129,22.399199493086112,28.055896587586243
188.356,2024/05/28 15:40:03.2099,21.278692596603005,29.096964331925303
188.602,2024/05/28 15:40:03.4559,21.307410615240794,28.611186623417073
188.752,2024/05/28 15:40:03.6059,21.769138758777046,29.62093854016108
188.849,2024/05/28 15:40:03.7029,20.23369217050157,30.06936425444786
189.096,2024/05/28 15:40:03.9499,20.147616156301282,29.531903652377938
189.244,2024/05/28 15:40:04.0979,21.01657802127121,30.80476153670619
189.341,2024/05/28 15:40:04.1949,20.92141838228184,32.02707188197718
189.588,2024/05/28 15:40:04.4419,19.903820461548666,31.83865575051811
189.834,2024/05/28 15:40:04.6879,19.681048705822736,31.649117944528353
189.983,2024/05/28 15:40:04.8369,20.871280383043853,32.365619619178204
190.08,2024/05/28 15:40:04.9339,20.702712354921502,33.67838080034925
190.327,2024/05/28 15:40:05.1809,20.628320004473032,33.16775542601579
190.572,2024/05/28 15:40:05.4259,20.464828252451674,32.649144960728556
190.722,2024/05/28 15:40:05.5759,21.46646676568693,33.95094500402996
191.214,2024/05/28 15:40:06.0679,22.201506627969316,33.64173994707566
191.804,2024/05/28 15:40:06.6579,22.21638620685184,34.570218396764574
191.953,2024/05/28 15:40:06.8069,22.37529939438903,34.772115264964825
192.05,2024/05/28 15:40:06.9039,22.184803745839616,35.457486280520975
192.297,2024/05/28 15:40:07.1509,21.861528692697846,34.49251126452427
192.692,2024/05/28 15:40:07.5459,21.853982514044844,34.070025927003144
193.036,2024/05/28 15:40:07.8899,21.655187056149412,34.63091104779082
193.184,2024/05/28 15:40:08.0379,21.782203006494292,35.43068350079255
193.282,2024/05/28 15:40:08.1359,21.21905454684794,34.89603606906282
193.527,2024/05/28 15:40:08.3809,21.21905454684794,33.87034100802648
193.677,2024/05/28 15:40:08.5309,21.7356373505476,34.85254653536811
194.266,2024/05/28 15:40:09.1199,21.168752725516498,34.809002666934695
194.661,2024/05/28 15:40:09.5149,21.47709284892666,34.561057082599
195.006,2024/05/28 15:40:09.8599,21.4523261874001,35.286919200557406
195.154,2024/05/28 15:40:10.0079,21.26407579793362,35.49460052834327
195.252,2024/05/28 15:40:10.1059,20.873483150892977,34.84776415592063
195.498,2024/05/28 15:40:10.3519,20.873483150892977,33.95192679853874
195.647,2024/05/28 15:40:10.5009,20.75087589897715,33.969594247405034
195.745,2024/05/28 15:40:10.5989,20.30879431273116,33.1109246825475
195.991,2024/05/28 15:40:10.8449,20.30879431273116,32.21076424634059
196.237,2024/05/28 15:40:11.0909,20.17022387170064,32.24386246507491
196.386,2024/05/28 15:40:11.2399,19.162613264544014,31.030092920690176
196.484,2024/05/28 15:40:11.3379,19.031160171447915,29.76687196644395
196.73,2024/05/28 15:40:11.5839,18.894899877462993,29.76687196644395
196.879,2024/05/28 15:40:11.7329,18.744623750298903,29.834543737084367
196.976,2024/05/28 15:40:11.8299,17.426001183330072,28.415371426981793
197.222,2024/05/28 15:40:12.0759,17.28559961421732,26.8464771121526
197.618,2024/05/28 15:40:12.4719,17.377121965853036,27.145288111690153
197.961,2024/05/28 15:40:12.8149,17.21603769811824,27.440845468024488
198.109,2024/05/28 15:40:12.9629,16.093869754605375,26.152119098331845
198.207,2024/05/28 15:40:13.0609,15.111995691937755,26.18460107264064
198.454,2024/05/28 15:40:13.3079,14.984474724149045,24.9218779388713
198.7,2024/05/28 15:40:13.5539,14.333306602489222,23.936722137056833
198.848,2024/05/28 15:40:13.7019,14.48538700834912,22.981876917838253
198.946,2024/05/28 15:40:13.7999,14.29331489105141,23.054283766797006
199.193,2024/05/28 15:40:14.0469,14.053428427780611,22.239604313026796
199.341,2024/05/28 15:40:14.1949,14.17302764562731,21.375219297120672
199.439,2024/05/28 15:40:14.2929,13.553809321606797,20.042454939452902
199.685,2024/05/28 15:40:14.5389,13.439348643221523,18.59211302317912
199.931,2024/05/28 15:40:14.7849,13.256098141273332,18.59211302317912
200.08,2024/05/28 15:40:14.9339,13.04726157026043,16.87305544351704
200.177,2024/05/28 15:40:15.0309,13.005259767080005,14.809906594348709
200.423,2024/05/28 15:40:15.2769,12.698311952256347,12.884098726725126
200.572,2024/05/28 15:40:15.4259,13.502703007390034,11.081516141756055
200.67,2024/05/28 15:40:15.5239,13.756712050370679,10.75174404457249
200.916,2024/05/28 15:40:15.7699,13.463829791099895,9.973297682645729
201.162,2024/05/28 15:40:16.0159,13.063109414922483,9.973297682645729
201.311,2024/05/28 15:40:16.1649,14.009684663397802,10.628577828979127
201.409,2024/05/28 15:40:16.2629,13.38484303189738,11.245739934155807
201.804,2024/05/28 15:40:16.6579,13.486860357357994,11.76860229593982
202.148,2024/05/28 15:40:17.0019,13.07735605462103,12.181953866272849
202.394,2024/05/28 15:40:17.2479,12.593055922661753,12.181953866272849
202.543,2024/05/28 15:40:17.3969,12.29713544814017,12.318008497047456
202.64,2024/05/28 15:40:17.4939,11.62246140864411,12.452576707921404
202.887,2024/05/28 15:40:17.7409,11.434772537681912,12.28956196669895
203.133,2024/05/28 15:40:17.9869,10.60448831456808,12.17374223482656
203.282,2024/05/28 15:40:18.1359,9.92900082945317,12.28413611126155
203.379,2024/05/28 15:40:18.2329,9.949354510340418,11.72461797529739
203.625,2024/05/28 15:40:18.4789,8.908281049921161,11.015141094572204
203.774,2024/05/28 15:40:18.6279,9.294912710664246,10.345691534804878
203.871,2024/05/28 15:40:18.7249,9.091425795139212,10.345691534804878
204.117,2024/05/28 15:40:18.9709,8.876936408469795,10.345691534804878
204.267,2024/05/28 15:40:19.1209,8.610071621847844,10.36018017861337
204.364,2024/05/28 15:40:19.2179,8.650626181574932,10.21273714534943
204.61,2024/05/28 15:40:19.4639,8.411541059076026,10.048217088949993
204.856,2024/05/28 15:40:19.7099,8.411541059076026,9.966610925150702
205.005,2024/05/28 15:40:19.8589,8.509967110976485,9.931431585291888
205.103,2024/05/28 15:40:19.9569,8.739920302643984,9.931431585291888
205.349,2024/05/28 15:40:20.2029,8.957691102347448,9.931431585291888
205.595,2024/05/28 15:40:20.4489,9.164148034346667,9.931431585291888
205.744,2024/05/28 15:40:20.5979,9.271697137855119,9.603818684946802
205.842,2024/05/28 15:40:20.6959,9.446522196513117,9.499122766515512
206.088,2024/05/28 15:40:20.9419,9.442871178406172,9.584710046040342
206.237,2024/05/28 15:40:21.0909,9.328241632485991,9.584710046040342
206.335,2024/05/28 15:40:21.1889,9.293428651040275,9.584710046040342
206.581,2024/05/28 15:40:21.4349,9.254014351038037,9.584710046040342
206.827,2024/05/28 15:40:21.6809,9.209939658096024,9.584710046040342
206.976,2024/05/28 15:40:21.8299,7.861224495887199,8.852494940222595
207.073,2024/05/28 15:40:21.9269,7.774775008757886,8.053984521134037
207.319,2024/05/28 15:40:22.1729,6.127383420860219,7.268654162452175
207.468,2024/05/28 15:40:22.3219,6.858588038735281,7.101643002385669
207.565,2024/05/28 15:40:22.4189,6.738890389239643,7.7502688125423544
207.812,2024/05/28 15:40:22.6659,5.928792011250689,7.5321532999092184
208.058,2024/05/28 15:40:22.9119,5.763639495137744,7.307530362578044
208.207,2024/05/28 15:40:23.0609,7.6920618882052505,8.814760348415605
208.305,2024/05/28 15:40:23.1589,7.6920618882052505,10.039920318408907
208.551,2024/05/28 15:40:23.4049,7.5461035084966115,9.904544411531507
208.699,2024/05/28 15:40:23.5529,9.09237396766325,10.940749517286282
208.797,2024/05/28 15:40:23.6509,9.09237396766325,12.0
209.044,2024/05/28 15:40:23.8979,8.889099614361786,11.86029791643813
209.29,2024/05/28 15:40:24.1439,8.889099614361786,11.718930554164631
209.536,2024/05/28 15:40:24.3899,8.889099614361786,11.718930554164631
209.685,2024/05/28 15:40:24.5389,9.085544916888868,11.877148928369412
209.783,2024/05/28 15:40:24.6369,9.085544916888868,12.033287165193059
210.028,2024/05/28 15:40:24.8819,9.085544916888868,12.033287165193059
210.178,2024/05/28 15:40:25.0319,10.58523152495052,13.14660919527668
210.274,2024/05/28 15:40:25.1279,10.580018034446823,14.168039149202452
210.916,2024/05/28 15:40:25.7699,14.042996372799603,16.92926460304759
211.013,2024/05/28 15:40:25.8669,14.00886418886609,19.32097306038182
211.26,2024/05/28 15:40:26.1139,13.970617771579244,19.32097306038182
211.408,2024/05/28 15:40:26.2619,16.435348784105535,21.288494545176274
211.506,2024/05/28 15:40:26.3599,16.41894056251587,23.08895840006647
211.752,2024/05/28 15:40:26.6059,16.41894056251587,23.05356082401733
211.999,2024/05/28 15:40:26.8529,16.245282250620487,22.890318186225954
212.148,2024/05/28 15:40:27.0019,17.746749742891204,23.926972228010797
212.245,2024/05/28 15:40:27.0989,17.746749742891204,25.070567072432432
212.491,2024/05/28 15:40:27.3449,17.746749742891204,25.070567072432432
212.738,2024/05/28 15:40:27.5919,17.747138347921254,25.046623192225603
212.886,2024/05/28 15:40:27.7399,20.291128235204177,27.10043050088565
212.984,2024/05/28 15:40:27.8379,20.291128235204177,29.029869674756263
213.23,2024/05/28 15:40:28.0839,19.89385626874309,28.863471724655717
213.477,2024/05/28 15:40:28.3309,19.89385626874309,28.69610891160449
213.722,2024/05/28 15:40:28.5759,19.89385626874309,28.69610891160449
213.871,2024/05/28 15:40:28.7249,23.467855246807037,31.71750305430741
213.968,2024/05/28 15:40:28.8219,22.585749754082876,34.12086360767167
214.215,2024/05/28 15:40:29.0689,22.585749754082876,33.76289876970479
214.461,2024/05/28 15:40:29.3149,22.585749754082876,33.76289876970479
214.61,2024/05/28 15:40:29.4639,24.176078230778533,35.76264345188519
214.707,2024/05/28 15:40:29.5609,24.176078230778533,37.656340767525464
214.856,2024/05/28 15:40:29.7099,24.59090571081504,38.35796310198618
214.954,2024/05/28 15:40:29.8079,24.59090571081504,39.04698025029166
215.2,2024/05/28 15:40:30.0539,24.59090571081504,39.04698025029166
215.447,2024/05/28 15:40:30.3009,24.295806364403443,38.995298861956854
215.595,2024/05/28 15:40:30.4489,24.158575736355626,39.01580876174853
215.693,2024/05/28 15:40:30.5469,24.158575736355626,39.087935052477086
215.939,2024/05/28 15:40:30.7929,24.12336588474399,38.727681744888024
216.087,2024/05/28 15:40:30.9409,24.003950824238263,38.40746455226293
216.186,2024/05/28 15:40:31.0399,22.954953388266883,37.265712569778316
216.431,2024/05/28 15:40:31.2849,22.863814707710954,36.08369899737738
216.677,2024/05/28 15:40:31.5309,22.769837883511897,36.08369899737738
216.826,2024/05/28 15:40:31.6799,21.701236788739774,34.964744147974734
216.924,2024/05/28 15:40:31.7779,21.613746158140632,33.808775980998384
217.17,2024/05/28 15:40:32.0239,21.52328330292487,33.808775980998384
217.319,2024/05/28 15:40:32.1729,21.412988860830634,33.81321240777535
217.416,2024/05/28 15:40:32.2699,20.7153949083026,32.97878105691598
217.663,2024/05/28 15:40:32.5169,20.627623483444367,32.11801156153143
217.909,2024/05/28 15:40:32.7629,20.536734678726337,32.11801156153143
218.058,2024/05/28 15:40:32.9119,20.486721239048233,32.126313202731495
218.155,2024/05/28 15:40:33.0089,18.60181674479479,30.40285074352952
218.402,2024/05/28 15:40:33.2559,18.518366155185042,28.566297158248098
218.648,2024/05/28 15:40:33.5019,18.431482312334975,28.566297158248098
218.797,2024/05/28 15:40:33.6509,18.749436773150716,28.754709759156558
218.895,2024/05/28 15:40:33.7489,18.66535299154244,28.941895814430218
219.141,2024/05/28 15:40:33.9949,14.2450233294018,25.59492137124082
219.29,2024/05/28 15:40:34.1439,14.784894434804205,22.106560112328648
219.387,2024/05/28 15:40:34.2409,14.719171953222592,22.468496463567234
219.633,2024/05/28 15:40:34.4869,14.649310524751797,22.468496463567234
219.879,2024/05/28 15:40:34.7329,8.768805735276327,18.480620480203942
220.028,2024/05/28 15:40:34.8819,9.016268820765164,13.558515159608493
220.125,2024/05/28 15:40:34.9789,6.477991032420228,12.049896265113654
220.372,2024/05/28 15:40:35.2259,6.635068796256756,9.584710046040342
220.52,2024/05/28 15:40:35.3739,6.621195502708219,9.612491872558333
220.618,2024/05/28 15:40:35.4719,6.717706915825023,9.640193635676274
221.259,2024/05/28 15:40:36.1129,6.900691286379361,9.359487165438072
221.603,2024/05/28 15:40:36.4569,6.807365855092908,9.235799911215054
221.752,2024/05/28 15:40:36.6059,6.718990071895806,9.252026804976301
221.85,2024/05/28 15:40:36.7039,6.685805860180759,9.086620200419222
222.491,2024/05/28 15:40:37.3449,7.242991063107594,9.528903399657276
222.589,2024/05/28 15:40:37.4429,7.3952454436915565,10.413132733876648
222.835,2024/05/28 15:40:37.6889,7.53695874517461,10.413132733876648
222.984,2024/05/28 15:40:37.8379,7.751084462502917,10.951407824263205
223.08,2024/05/28 15:40:37.9339,7.895582935102659,11.46443776786866
223.328,2024/05/28 15:40:38.1819,8.030473569295497,11.46443776786866
223.573,2024/05/28 15:40:38.4269,8.128918153411,11.451346354614087
223.722,2024/05/28 15:40:38.5759,8.138457025668187,11.583033569262703
223.819,2024/05/28 15:40:38.6729,8.26159929968364,11.726039399558575
224.066,2024/05/28 15:40:38.9199,8.37621152671407,11.726039399558575
224.214,2024/05/28 15:40:39.0679,8.357253027218187,11.738824472663351
224.312,2024/05/28 15:40:39.1659,8.45821371865083,11.75159563633807
224.558,2024/05/28 15:40:39.4119,8.55139969722137,11.75159563633807
224.805,2024/05/28 15:40:39.6589,8.637062612644502,11.75159563633807
225.051,2024/05/28 15:40:39.9049,7.9637107968083765,11.282730166054668
225.2,2024/05/28 15:40:40.0539,9.605075286763588,12.54325848148452
225.298,2024/05/28 15:40:40.1519,9.678094711326626,14.07716827585245
225.446,2024/05/28 15:40:40.2999,12.791924535946938,17.03917055884274
225.544,2024/05/28 15:40:40.3979,12.859988738130987,19.557607215607945
225.79,2024/05/28 15:40:40.6439,12.923337172657432,19.557607215607945
225.939,2024/05/28 15:40:40.7929,17.578101580444905,23.56409698390046
226.037,2024/05/28 15:40:40.8909,17.49758604040586,26.87811997393667
226.283,2024/05/28 15:40:41.1369,17.49758604040586,26.60325794584816
226.431,2024/05/28 15:40:41.2849,21.998328045140905,30.526491227566044
226.529,2024/05/28 15:40:41.3829,22.053852583916655,33.99215595790692
226.775,2024/05/28 15:40:41.6289,22.053852583916655,33.98431010530203
227.022,2024/05/28 15:40:41.8759,21.995846002810033,33.97989601710596
227.17,2024/05/28 15:40:42.0239,25.334089522894715,36.94094386088874
227.267,2024/05/28 15:40:42.1209,25.445004929496285,39.719852299154724
227.514,2024/05/28 15:40:42.3679,25.533863023827042,39.716075670522464
227.662,2024/05/28 15:40:42.5159,27.341623357366906,41.45439261003189
227.76,2024/05/28 15:40:42.6139,27.341623357366906,43.01705088295415
228.006,2024/05/28 15:40:42.8599,27.341623357366906,43.01705088295415
228.253,2024/05/28 15:40:43.1069,27.447253489884037,42.87695573770756
228.401,2024/05/28 15:40:43.2549,28.985232070158364,44.452596474596774
228.499,2024/05/28 15:40:43.3529,28.985232070158364,46.10495273467555
228.745,2024/05/28 15:40:43.5989,28.985232070158364,46.10495273467555
228.992,2024/05/28 15:40:43.8459,29.11185325601958,46.068789145508624
229.14,2024/05/28 15:40:43.9939,30.594211006764848,47.77377244193024
229.238,2024/05/28 15:40:44.0919,30.594211006764848,49.453682033461035
229.387,2024/05/28 15:40:44.2409,32.32772199205216,51.40492842779442
229.484,2024/05/28 15:40:44.3379,32.32772199205216,53.284769556287536
229.731,2024/05/28 15:40:44.5849,32.32772199205216,53.284769556287536
229.878,2024/05/28 15:40:44.7319,34.16585645240646,55.49864863219644
229.977,2024/05/28 15:40:44.8309,34.16585645240646,57.627539712652435
230.223,2024/05/28 15:40:45.0769,34.34143973042815,57.272157284320976
230.47,2024/05/28 15:40:45.3239,34.34143973042815,56.91455584177625
230.617,2024/05/28 15:40:45.4709,36.057887685883976,58.36951259004995
230.715,2024/05/28 15:40:45.5689,36.057887685883976,59.7890736952274
230.961,2024/05/28 15:40:45.8149,36.057887685883976,59.7890736952274
231.11,2024/05/28 15:40:45.9639,37.03724438000719,60.59647954570738
231.208,2024/05/28 15:40:46.0619,37.03724438000719,61.39326781767959
231.603,2024/05/28 15:40:46.4569,38.55464848160638,63.46074902383888
231.947,2024/05/28 15:40:46.8009,37.377923904389135,63.72806812281906
232.193,2024/05/28 15:40:47.0469,37.377923904389135,61.944598903644
232.342,2024/05/28 15:40:47.1959,38.60462720166215,63.77120562343688
232.439,2024/05/28 15:40:47.2929,38.60462720166215,65.5469297526589
232.686,2024/05/28 15:40:47.5399,37.53704683452705,63.898878446078115
232.834,2024/05/28 15:40:47.6879,38.70162906072593,63.98333116262912
232.932,2024/05/28 15:40:47.7859,38.70162906072593,65.71149062378664
233.178,2024/05/28 15:40:48.0319,38.22409723192174,64.56288923729069
233.326,2024/05/28 15:40:48.1799,39.191777228123414,65.0135883232626
233.425,2024/05/28 15:40:48.2789,39.191777228123414,66.59429404986587
233.671,2024/05/28 15:40:48.5249,39.191777228123414,66.59429404986587
233.819,2024/05/28 15:40:48.6729,39.809618776451984,67.15132165490118
233.918,2024/05/28 15:40:48.7719,39.809618776451984,67.70376651265423
234.163,2024/05/28 15:40:49.0169,39.809618776451984,67.70376651265423
234.409,2024/05/28 15:40:49.2629,39.809618776451984,67.70376651265423
234.558,2024/05/28 15:40:49.4119,40.2169547364773,68.07202068397852
234.656,2024/05/28 15:40:49.5099,40.2169547364773,68.43829337439676
234.902,2024/05/28 15:40:49.7559,39.42459702488684,66.97885238391792
235.148,2024/05/28 15:40:50.0019,39.149580523581825,65.58861689856455
235.297,2024/05/28 15:40:50.1509,39.90305781501597,66.40908572376725
235.395,2024/05/28 15:40:50.2489,38.47220223521899,65.40361865625887
235.543,2024/05/28 15:40:50.3969,39.04911437322663,64.26844741654597
235.641,2024/05/28 15:40:50.4949,38.709127498874714,64.99282011627643
236.284,2024/05/28 15:40:51.1379,38.97840545679136,65.63078545926446
236.38,2024/05/28 15:40:51.2339,37.83115847716189,63.50590523722971
236.626,2024/05/28 15:40:51.4799,37.80530887733022,61.2940997704238
236.774,2024/05/28 15:40:51.6279,37.79703813731995,61.30089722018757
236.872,2024/05/28 15:40:51.7259,36.755936263067895,59.064653840798336
237.118,2024/05/28 15:40:51.9719,36.523712971101354,56.7330003907191
237.267,2024/05/28 15:40:52.1209,35.82173295255456,54.4300774694776
237.365,2024/05/28 15:40:52.2189,35.4896779554183,52.02531435112462
237.611,2024/05/28 15:40:52.4649,35.02447420166989,52.02531435112462
237.858,2024/05/28 15:40:52.7119,34.36385765078872,49.76946855251722
238.006,2024/05/28 15:40:52.8599,34.19215477672987,47.475256713365965
238.104,2024/05/28 15:40:52.9579,33.72375948827437,47.4784161488144
238.35,2024/05/28 15:40:53.2039,33.44723069821025,45.05626112613725
238.498,2024/05/28 15:40:53.3519,32.98770234113179,42.51039088662128
238.597,2024/05/28 15:40:53.4509,32.1176000019466,42.524502740576914
238.843,2024/05/28 15:40:53.6969,31.970981814153006,40.00374982423523
238.991,2024/05/28 15:40:53.8449,30.96263970450913,37.31710957009756
239.088,2024/05/28 15:40:53.9419,29.617562357492876,37.321128957557896
239.336,2024/05/28 15:40:54.1899,29.393798704808976,34.18674206959963
239.581,2024/05/28 15:40:54.4349,27.771977938574466,30.734345608781066
239.73,2024/05/28 15:40:54.5839,25.661926715634507,30.799891774701635
239.827,2024/05/28 15:40:54.6809,23.29197484014604,30.865298745786774
240.074,2024/05/28 15:40:54.9279,23.29197484014604,27.21274211345364
240.222,2024/05/28 15:40:55.0759,20.458087235450552,23.73815494093844
240.32,2024/05/28 15:40:55.1739,16.936799355656383,24.49081460466352
240.964,2024/05/28 15:40:55.8179,15.668843086779887,25.514701644346147
241.059,2024/05/28 15:40:55.9129,15.752576873670174,24.64210488844923
241.305,2024/05/28 15:40:56.1589,13.359959047358402,22.33681564890872
241.453,2024/05/28 15:40:56.3069,13.951517035296726,21.12186860420577
241.552,2024/05/28 15:40:56.4059,10.980704078925541,19.83263304085802
242.192,2024/05/28 15:40:57.0459,12.024352684083722,18.924411043235487
242.291,2024/05/28 15:40:57.1449,12.181765155297377,20.115499828076192
242.537,2024/05/28 15:40:57.3909,12.310214429907846,20.115499828076192
242.685,2024/05/28 15:40:57.5389,12.955094857182152,20.978560484456505
242.784,2024/05/28 15:40:57.6379,13.081925760726593,21.807491067673663
243.029,2024/05/28 15:40:57.8829,13.182363697138863,21.807491067673663
243.275,2024/05/28 15:40:58.1289,13.318598179659547,21.758523234202578
243.424,2024/05/28 15:40:58.2779,14.347734011485384,22.904875754592805
243.522,2024/05/28 15:40:58.3759,14.435309519352419,24.04093730840515
243.768,2024/05/28 15:40:58.6219,14.49946491283684,24.04093730840515
243.916,2024/05/28 15:40:58.7699,16.099546648859945,25.523845060387487
244.014,2024/05/28 15:40:58.8679,16.205008449567114,27.040710049848915
244.261,2024/05/28 15:40:59.1149,16.205008449567114,27.062889720057612
244.507,2024/05/28 15:40:59.3609,16.099546648859945,27.040710049848915
244.655,2024/05/28 15:40:59.5089,17.68641273413766,28.293697767052883
244.753,2024/05/28 15:40:59.6069,17.68641273413766,29.513838562048594
245.0,2024/05/28 15:40:59.8539,17.63711473262909,29.508755762767542
245.147,2024/05/28 15:41:00.0009,18.762765769212002,30.53031280547253
245.246,2024/05/28 15:41:00.0999,18.762765769212002,31.52353618065926
245.492,2024/05/28 15:41:00.3459,18.7790847217982,31.524064881716424
245.738,2024/05/28 15:41:00.5919,18.833206184088315,31.460557316529957
245.984,2024/05/28 15:41:00.8379,18.833206184088315,31.396390450708395
246.133,2024/05/28 15:41:00.9869,19.68280070716895,32.344499790020976
246.231,2024/05/28 15:41:01.0849,19.421548643815896,32.526911934581186
246.379,2024/05/28 15:41:01.2329,20.285207792191436,32.787700946137306
246.477,2024/05/28 15:41:01.3309,19.63239757346841,32.616458013299564
246.723,2024/05/28 15:41:01.5769,19.434653254596714,31.611706692299926
246.97,2024/05/28 15:41:01.8239,19.22764413157641,31.611706692299926
247.118,2024/05/28 15:41:01.9719,19.64632690656222,31.575306807693888
247.216,2024/05/28 15:41:02.0699,19.395579541408324,31.34166555880526
247.462,2024/05/28 15:41:02.3159,18.991256306309076,30.564140208202595
247.61,2024/05/28 15:41:02.4639,19.37355111378893,30.171730698343
247.709,2024/05/28 15:41:02.5629,19.078302052210372,30.57177347379987
247.955,2024/05/28 15:41:02.8089,18.880629251153465,29.972209350218634
248.103,2024/05/28 15:41:02.9569,18.71286360682909,29.47145511620807
248.201,2024/05/28 15:41:03.0549,18.377147227735275,29.507626132916894
248.448,2024/05/28 15:41:03.3019,18.00143672427023,29.507626132916894
248.694,2024/05/28 15:41:03.5479,17.630172673735235,28.589625157855195
248.842,2024/05/28 15:41:03.6959,17.276121318631287,27.656222928423663
248.939,2024/05/28 15:41:03.7929,16.822569678104706,27.67128475513922
249.187,2024/05/28 15:41:04.0409,16.014397258098853,26.185237571323782
249.334,2024/05/28 15:41:04.1879,15.529134650342913,24.609618715724412
249.432,2024/05/28 15:41:04.2859,15.250438094328354,24.585225915848998
249.678,2024/05/28 15:41:04.5319,14.944341180972481,24.585225915848998
249.925,2024/05/28 15:41:04.7789,13.88164255410632,23.1062762036638
250.073,2024/05/28 15:41:04.9269,14.183526141022918,21.89748844045819
250.171,2024/05/28 15:41:05.0249,13.971605030432793,21.973468850714795
250.417,2024/05/28 15:41:05.2709,13.325500572857253,20.523157651784484
250.664,2024/05/28 15:41:05.5179,13.06148149524216,18.96224318657122
250.811,2024/05/28 15:41:05.6649,15.81869256552955,20.522345544958224
251.304,2024/05/28 15:41:06.1579,19.64641466515931,20.754919095642524
251.403,2024/05/28 15:41:06.2569,19.32552359106866,22.60088493842664
251.649,2024/05/28 15:41:06.5029,19.237804018345276,21.19355247868244
251.896,2024/05/28 15:41:06.7499,19.037047969742737,20.025816670821026
252.043,2024/05/28 15:41:06.8969,22.09178866540169,20.761342281589922
252.142,2024/05/28 15:41:06.9959,21.929484691860985,20.960279896349984
252.388,2024/05/28 15:41:07.2419,21.67261633607181,20.960279896349984
252.635,2024/05/28 15:41:07.4889,21.317765512285167,20.960279896349984
252.782,2024/05/28 15:41:07.6359,23.87055609481808,21.571586249817916
252.88,2024/05/28 15:41:07.7339,23.59332167343553,22.444004396126225
253.126,2024/05/28 15:41:07.9799,23.24880419616719,22.444004396126225
253.373,2024/05/28 15:41:08.2269,23.33208535250437,21.895966142952755
253.521,2024/05/28 15:41:08.3749,25.30358204618107,23.20488454327379
253.619,2024/05/28 15:41:08.4729,24.764732060391665,24.935917869611295
253.865,2024/05/28 15:41:08.7189,24.61622677604467,24.804569471503967
254.014,2024/05/28 15:41:08.8679,26.550515721120714,26.72015469017099
254.112,2024/05/28 15:41:08.9659,26.057606386134562,28.5447017850949
254.358,2024/05/28 15:41:09.2119,25.51467911957197,28.5447017850949
254.604,2024/05/28 15:41:09.4579,25.10767616285627,28.53010106302932
254.752,2024/05/28 15:41:09.6059,25.933247643389105,29.831750423555995
254.851,2024/05/28 15:41:09.7049,25.206366646945458,31.092335604346825
255.097,2024/05/28 15:41:09.9509,24.415559388019368,31.092335604346825
255.245,2024/05/28 15:41:10.0989,23.98239296679568,31.603269873015776
255.343,2024/05/28 15:41:10.1969,23.013863887546172,32.10607419165414
255.59,2024/05/28 15:41:10.4439,21.955676353461563,32.10607419165414
255.836,2024/05/28 15:41:10.6899,21.79636688063914,31.85383284106744
256.081,2024/05/28 15:41:10.9349,21.275667392317615,31.801467471381464
256.328,2024/05/28 15:41:11.1819,20.878851423908138,31.827137267851576
256.574,2024/05/28 15:41:11.4279,20.467552116831033,31.827137267851576
256.821,2024/05/28 15:41:11.6749,20.4980795287714,30.84369195367723
257.067,2024/05/28 15:41:11.9209,19.71801207018647,30.687130853176875
257.215,2024/05/28 15:41:12.0689,19.542497163932726,29.42278029010855
257.313,2024/05/28 15:41:12.1669,19.542497163932726,29.49124163770209
257.56,2024/05/28 15:41:12.4139,19.542497163932726,29.49124163770209
257.806,2024/05/28 15:41:12.6599,18.540449721139108,28.042824394129774
257.954,2024/05/28 15:41:12.8079,18.516876427834603,27.099815497526915
258.052,2024/05/28 15:41:12.9059,18.644403801233942,27.276974416773818
258.299,2024/05/28 15:41:13.1529,18.768064095294314,27.276974416773818
258.446,2024/05/28 15:41:13.2999,17.422702853250428,26.347675419285096
258.545,2024/05/28 15:41:13.3989,17.53800470964183,25.38437839827217
258.791,2024/05/28 15:41:13.6449,17.649362594723257,25.38437839827217
259.038,2024/05/28 15:41:13.8919,17.75685070969661,25.38437839827217
259.187,2024/05/28 15:41:14.0409,15.676360415035248,24.02429326050335
259.283,2024/05/28 15:41:14.1369,15.676360415035248,22.390474164995553
259.529,2024/05/28 15:41:14.3829,15.676360415035248,22.390474164995553
259.678,2024/05/28 15:41:14.5319,12.60742346543477,20.280532537386684
259.776,2024/05/28 15:41:14.6299,12.60742346543477,17.9239132631986
260.417,2024/05/28 15:41:15.2709,13.287666046583645,18.495945501649814
260.515,2024/05/28 15:41:15.3689,13.287666046583645,19.05080925665189
260.761,2024/05/28 15:41:15.6149,10.168748609139422,16.915476148584567
261.007,2024/05/28 15:41:15.8609,10.168748609139422,14.46835627614047
261.155,2024/05/28 15:41:16.0089,12.092554943331267,15.967675681409197
261.254,2024/05/28 15:41:16.1079,10.815537992581714,16.388003742575442
261.5,2024/05/28 15:41:16.3539,10.815537992581714,15.379640221192865
261.648,2024/05/28 15:41:16.5019,12.527899898310306,16.725230441860386
261.746,2024/05/28 15:41:16.5999,12.527899898310306,17.970345943618707
261.993,2024/05/28 15:41:16.8469,12.527899898310306,17.970345943618707
262.14,2024/05/28 15:41:16.9939,12.400593237571057,17.939713858736244
262.239,2024/05/28 15:41:17.0929,12.279316316286414,17.94807324849476
262.485,2024/05/28 15:41:17.3389,12.13828369393708,17.94807324849476
262.731,2024/05/28 15:41:17.5849,11.976797491856335,17.94807324849476
262.88,2024/05/28 15:41:17.7339,13.041930609499651,18.71185007778048
262.977,2024/05/28 15:41:17.8309,12.909232194909388,19.44565075623167
263.224,2024/05/28 15:41:18.0779,12.848543009667722,19.476481543988722
263.371,2024/05/28 15:41:18.2249,14.887354813174458,21.58780519954109
263.47,2024/05/28 15:41:18.3239,14.942956669381198,23.304506002058915
263.716,2024/05/28 15:41:18.5699,14.902904137253062,23.09689733853157
263.864,2024/05/28 15:41:18.7179,17.308425959497793,25.408659941051596
263.963,2024/05/28 15:41:18.8169,17.28732842685491,27.25863777471892
264.209,2024/05/28 15:41:19.0629,17.724876991613574,27.108424274875638
264.455,2024/05/28 15:41:19.3089,18.07853238881273,27.108424274875638
264.603,2024/05/28 15:41:19.4569,20.4271624440904,30.370490062998105
264.702,2024/05/28 15:41:19.5559,20.768676679906665,33.07163941103212
264.948,2024/05/28 15:41:19.8019,21.16169278151744,32.95805414968143
265.195,2024/05/28 15:41:20.0489,21.73730307162331,32.97625408279924
265.342,2024/05/28 15:41:20.1959,23.902002994026525,36.14231130775489
265.44,2024/05/28 15:41:20.2939,24.467407361396564,39.052528727343635
265.588,2024/05/28 15:41:20.4419,25.673927917493632,41.19223227745736
265.686,2024/05/28 15:41:20.5399,26.251743237136115,43.22614949310197
265.933,2024/05/28 15:41:20.7869,26.770394524334574,43.22614949310197
266.179,2024/05/28 15:41:21.0329,27.2332622855335,43.22614949310197
266.327,2024/05/28 15:41:21.1809,27.443588954665888,44.313654780439855
266.426,2024/05/28 15:41:21.2799,27.94419726740342,45.37510330566753
266.672,2024/05/28 15:41:21.5259,28.391940737656384,45.37510330566753
266.819,2024/05/28 15:41:21.6729,28.50093767362537,46.3015478502969
266.918,2024/05/28 15:41:21.7719,28.981980132727468,47.209815363615505
267.312,2024/05/28 15:41:22.1659,29.5173629012433,48.4231349666665
267.656,2024/05/28 15:41:22.5099,29.987353656339224,49.60141127024512
267.904,2024/05/28 15:41:22.7579,30.41974555350927,49.59838707054898
268.051,2024/05/28 15:41:22.9049,31.276023647075565,51.08457040372693
268.149,2024/05/28 15:41:23.0029,31.54316509749509,52.28447825757341
268.395,2024/05/28 15:41:23.2489,31.290334889088065,51.977238608195925
268.544,2024/05/28 15:41:23.3979,32.74493906671342,53.35947276101342
268.642,2024/05/28 15:41:23.4959,32.96046046436556,54.98787745191358
268.888,2024/05/28 15:41:23.7419,32.12361182653077,54.1937880819072
269.036,2024/05/28 15:41:23.8899,33.84100756631612,55.25456240589248
269.134,2024/05/28 15:41:23.9879,34.04250217041934,57.06020212605864
269.381,2024/05/28 15:41:24.2349,32.83473070134586,56.069005103830165
269.627,2024/05/28 15:41:24.4809,33.00045280079489,55.05996730838114
269.775,2024/05/28 15:41:24.6289,34.28858259758986,56.59240231691883
269.873,2024/05/28 15:41:24.7269,34.28858259758986,58.14063409813599
270.12,2024/05/28 15:41:24.9739,32.88328366856945,56.505162006079885
270.514,2024/05/28 15:41:25.3679,33.83163180139033,56.129611911479785
270.859,2024/05/28 15:41:25.7129,33.81152969372879,57.37043373260016
271.006,2024/05/28 15:41:25.8599,33.980403412731434,58.17043922818531
271.105,2024/05/28 15:41:25.9589,32.580228120254695,57.02075645470399
271.351,2024/05/28 15:41:26.2049,32.43532911367885,54.97029500860745
271.499,2024/05/28 15:41:26.3529,31.326900782613304,53.74011537017761
271.598,2024/05/28 15:41:26.4519,31.181043460160012,52.48110771188683
271.843,2024/05/28 15:41:26.6969,31.03316727735645,52.48110771188683
272.089,2024/05/28 15:41:26.9429,30.883243233891374,52.48110771188683
272.238,2024/05/28 15:41:27.0919,30.146405210679053,51.542539065642984
272.336,2024/05/28 15:41:27.1899,30.407292682445156,50.981696061756644
272.582,2024/05/28 15:41:27.4359,30.663561811839912,50.981696061756644
272.73,2024/05/28 15:41:27.5839,30.11832985249133,50.677411141454336
272.829,2024/05/28 15:41:27.6829,30.369770965645582,50.37128811800098
273.075,2024/05/28 15:41:27.9289,30.12662930205557,49.206029440845285
273.223,2024/05/28 15:41:28.0769,30.538105083141424,49.45738906708818
273.321,2024/05/28 15:41:28.1749,30.78074110525165,50.86124916541735
273.567,2024/05/28 15:41:28.4209,30.108233875909477,49.36834343314887
273.716,2024/05/28 15:41:28.5699,31.408030307806875,50.26463302694384
273.813,2024/05/28 15:41:28.6669,31.764145188250446,52.34373569651546
274.06,2024/05/28 15:41:28.9139,30.325911685228167,50.61850781417142
274.306,2024/05/28 15:41:29.1599,30.877659967321044,48.849087333678334
274.454,2024/05/28 15:41:29.3079,33.068737189532506,52.14946468245543
274.552,2024/05/28 15:41:29.4059,31.476756613358088,53.38632783775262
274.799,2024/05/28 15:41:29.6529,31.97774010259319,51.45191930336516
274.946,2024/05/28 15:41:29.7999,34.47711218138554,54.84371735516597
275.045,2024/05/28 15:41:29.8989,34.977907641660536,58.037631470164825
275.292,2024/05/28 15:41:30.1459,33.616994197140954,56.48657657650473
275.538,2024/05/28 15:41:30.3919,34.048984321611826,54.89171157834304
275.686,2024/05/28 15:41:30.5399,36.15803435304377,57.7341608870635
275.784,2024/05/28 15:41:30.6379,35.144038588015135,59.22977854649354
276.031,2024/05/28 15:41:30.8849,35.54398279095512,58.02872851728989
276.178,2024/05/28 15:41:31.0319,35.54398279095512,58.831964101158476
276.277,2024/05/28 15:41:31.1309,35.91722604039486,59.594462830031446
276.522,2024/05/28 15:41:31.3759,36.27265839618699,59.594462830031446
276.769,2024/05/28 15:41:31.6229,35.991074883426414,59.09906936661524
277.015,2024/05/28 15:41:31.8689,36.28995617991665,58.59948805237124
277.164,2024/05/28 15:41:32.0179,36.56310872368855,59.306267234865935
277.265,2024/05/28 15:41:32.1189,36.718578716891344,59.82362966810579
277.508,2024/05/28 15:41:32.3619,36.37576874409914,59.46147211990859
277.655,2024/05/28 15:41:32.5089,36.23556391108139,58.838479472762266
277.754,2024/05/28 15:41:32.6079,36.23556391108139,58.92028513169297
278.0,2024/05/28 15:41:32.8539,35.695390732421934,58.08958598578578
278.247,2024/05/28 15:41:33.1009,35.695390732421934,57.24683397359193
278.394,2024/05/28 15:41:33.2479,35.631333879368476,57.25411193384571
278.493,2024/05/28 15:41:33.3469,34.49670982145679,56.01815182004252
278.739,2024/05/28 15:41:33.5929,34.49670982145679,54.74668939762476
278.887,2024/05/28 15:41:33.7409,34.403972638830226,54.83459978274058
278.986,2024/05/28 15:41:33.8399,32.15767547497909,52.944625160004044
279.232,2024/05/28 15:41:34.0859,32.15767547497909,50.89007761833342
279.478,2024/05/28 15:41:34.3319,32.15767547497909,50.89007761833342
279.626,2024/05/28 15:41:34.4799,32.064948456847354,51.09500954105009
279.725,2024/05/28 15:41:34.5789,28.30582166675145,47.95727264972436
279.97,2024/05/28 15:41:34.8239,28.193175990190316,44.3459881687923
280.118,2024/05/28 15:41:34.9719,28.02675240863205,44.43047002527282
280.857,2024/05/28 15:41:35.7109,22.785859700676284,40.1754485558863
281.202,2024/05/28 15:41:36.0559,22.904725206421073,35.5410560713475
281.35,2024/05/28 15:41:36.2039,22.865021220247083,35.54855833926321
281.448,2024/05/28 15:41:36.3019,22.867660244492015,35.556059024213205
281.695,2024/05/28 15:41:36.5489,17.543902238304284,30.726210309766483
281.941,2024/05/28 15:41:36.7949,17.611418709620402,24.979324784042237
282.089,2024/05/28 15:41:36.9429,17.458028486078796,24.99599967994879
282.187,2024/05/28 15:41:37.0409,14.487767333129733,21.007935008784973
282.434,2024/05/28 15:41:37.2879,14.763266000060913,15.932147794109033
282.581,2024/05/28 15:41:37.4349,14.578404750092465,15.998958299422705
282.679,2024/05/28 15:41:37.5329,14.615532597325824,16.065490966665166
282.925,2024/05/28 15:41:37.7789,14.520101009751171,16.065490966665166
283.319,2024/05/28 15:41:38.1729,14.391927814123454,13.281566172707194
283.665,2024/05/28 15:41:38.5189,14.286437584318122,10.972693379476162
283.911,2024/05/28 15:41:38.7649,14.116469553104267,10.972693379476162
284.059,2024/05/28 15:41:38.9129,14.729593325692004,10.750193796702767
284.157,2024/05/28 15:41:39.0109,14.351939273825671,10.861246091801192
284.404,2024/05/28 15:41:39.2579,13.927728070128333,10.861246091801192
284.551,2024/05/28 15:41:39.4049,13.772369473680868,11.201190412927845
284.65,2024/05/28 15:41:39.5039,13.464470060979895,11.494926417047363
284.896,2024/05/28 15:41:39.7499,12.875219002714106,11.458621208504974
285.143,2024/05/28 15:41:39.9969,12.216250718171622,11.458621208504974
285.29,2024/05/28 15:41:40.1439,12.275384208703892,11.180339887498949
285.389,2024/05/28 15:41:40.2429,11.509166761336864,10.894952959971878
285.635,2024/05/28 15:41:40.4889,10.640629140505624,10.894952959971878
285.881,2024/05/28 15:41:40.7349,9.642160772764859,10.894952959971878
286.028,2024/05/28 15:41:40.8819,9.755399330216221,10.048217088949993
286.127,2024/05/28 15:41:40.9809,8.576967285475684,9.123230422023404
286.275,2024/05/28 15:41:41.1289,7.1070630240355195,9.30412095077588
286.373,2024/05/28 15:41:41.2269,6.843068478900601,9.077444574328174
286.62,2024/05/28 15:41:41.4739,6.255112851231003,9.048020041239225
286.866,2024/05/28 15:41:41.7199,6.359082562328398,8.499019551297275
287.014,2024/05/28 15:41:41.8679,6.532412555337371,8.899438184514796
287.112,2024/05/28 15:41:41.9659,6.638099714234344,9.282600210429546
287.359,2024/05/28 15:41:42.2129,7.0632609446657515,9.370165420097983
287.506,2024/05/28 15:41:42.3599,7.805759736085738,10.94684124911535
287.605,2024/05/28 15:41:42.4589,8.144951189852755,12.28956196669895
287.851,2024/05/28 15:41:42.7049,8.373192033365369,12.12435565298214
287.999,2024/05/28 15:41:42.8529,10.200349329155726,14.64581851587681
288.098,2024/05/28 15:41:42.9519,10.481784966883293,16.729215960907034
288.344,2024/05/28 15:41:43.1979,10.64500314485864,16.665333279995732
288.59,2024/05/28 15:41:43.4439,10.763123505109238,16.665333279995732
288.738,2024/05/28 15:41:43.5919,14.558048688241913,20.633306408167677
288.837,2024/05/28 15:41:43.6909,14.742580444445494,23.869087400513102
289.083,2024/05/28 15:41:43.9369,14.909728367747942,23.869087400513102
289.231,2024/05/28 15:41:44.0849,18.936554687912523,27.61460965986423
289.328,2024/05/28 15:41:44.1819,19.063384895610408,30.79231505857698
289.576,2024/05/28 15:41:44.4299,19.186441572889734,30.79231505857698
289.969,2024/05/28 15:41:44.8229,22.514363231594242,33.81518396618103
290.314,2024/05/28 15:41:45.1679,22.636076383132604,36.589160507815244
290.461,2024/05/28 15:41:45.3149,24.71734464777324,38.75693486332478
290.56,2024/05/28 15:41:45.4139,24.846401714553007,40.809721064145165
290.807,2024/05/28 15:41:45.6609,25.030923403598305,40.76886066595435
291.201,2024/05/28 15:41:46.0549,25.44084868099368,41.47770485453601
291.546,2024/05/28 15:41:46.3999,25.570030050463995,42.21413665270597
291.792,2024/05/28 15:41:46.6459,25.69637033271207,42.21413665270597
291.94,2024/05/28 15:41:46.7939,25.97011987721284,42.16357037380334
292.038,2024/05/28 15:41:46.8919,26.085271309886142,42.11294337849113
292.285,2024/05/28 15:41:47.1389,26.242481134450284,42.07334865050162
292.432,2024/05/28 15:41:47.2859,28.22275921895415,42.72743068958551
293.024,2024/05/28 15:41:47.8779,28.30801438040024,43.4100602779279
293.17,2024/05/28 15:41:48.0239,29.98698951595365,44.05072833298749
293.27,2024/05/28 15:41:48.1239,29.93548618835784,44.83042121892975
293.909,2024/05/28 15:41:48.7629,30.910326362917946,45.28134273627495
294.008,2024/05/28 15:41:48.8619,30.858613432695524,45.79192068476709
294.254,2024/05/28 15:41:49.1079,30.619278729014646,45.458772530722825
294.501,2024/05/28 15:41:49.3549,30.573521712179122,45.10506253921689
294.648,2024/05/28 15:41:49.5019,31.271539703096337,45.721985958617324
294.747,2024/05/28 15:41:49.6009,30.552837217990056,45.59641798796626
294.993,2024/05/28 15:41:49.8469,30.53018103488777,44.85012077278425
295.141,2024/05/28 15:41:49.9949,31.719115669428874,45.882095273283525
295.24,2024/05/28 15:41:50.0939,31.717213137276666,46.929379568311646
295.486,2024/05/28 15:41:50.3399,29.72326384825762,45.30746811141257
295.732,2024/05/28 15:41:50.5859,29.7340897280219,43.62491642780916
295.88,2024/05/28 15:41:50.7339,30.37976110928963,44.29371663490583
295.979,2024/05/28 15:41:50.8329,27.297509464941,42.69777511768031
296.225,2024/05/28 15:41:51.0789,27.35463145555068,40.31707661359721
296.471,2024/05/28 15:41:51.3249,27.40341450324792,40.31707661359721
296.618,2024/05/28 15:41:51.4719,23.759910213074757,38.015786194684964
296.718,2024/05/28 15:41:51.5719,23.86735374340197,35.5659012726141
296.963,2024/05/28 15:41:51.8169,20.280674227610856,33.19036004625439
297.111,2024/05/28 15:41:51.9649,20.280674227610856,30.737599125501003
297.209,2024/05/28 15:41:52.0629,20.439537975299736,30.84369195367723
297.456,2024/05/28 15:41:52.3099,18.996702678194477,29.827839345148686
297.702,2024/05/28 15:41:52.5559,19.178801755627273,28.776147529971183
297.85,2024/05/28 15:41:52.7039,19.182397342775865,28.924038445555972
297.948,2024/05/28 15:41:52.8019,19.33494840657971,29.06200268391702
298.195,2024/05/28 15:41:53.0489,19.37008002048627,29.080921580995334
298.342,2024/05/28 15:41:53.1959,19.373551113790725,29.090089950588556
298.441,2024/05/28 15:41:53.2949,17.618041954169854,28.070743963540878
299.081,2024/05/28 15:41:53.9349,17.618041954169854,27.033312782565144
299.18,2024/05/28 15:41:54.0339,16.238311446105694,26.257697284161587
299.426,2024/05/28 15:41:54.2799,16.80708662795486,24.752104287649296
299.673,2024/05/28 15:41:54.5269,16.213234270720932,23.759910213073898
299.821,2024/05/28 15:41:54.6749,16.213234270720932,23.29234495136403
299.919,2024/05/28 15:41:54.7729,16.618816367939807,23.812461723503795
300.312,2024/05/28 15:41:55.1659,16.45250915426898,24.212255849741332
301.051,2024/05/28 15:41:55.9049,15.662239531001822,23.098340488730642
301.15,2024/05/28 15:41:56.0039,16.44877104727155,22.21786068309308
301.396,2024/05/28 15:41:56.2499,17.075356982856835,22.21786068309308
301.643,2024/05/28 15:41:56.4969,16.394700573557145,20.0
301.889,2024/05/28 15:41:56.7429,16.893037401359283,17.401149387324963
302.037,2024/05/28 15:41:56.8909,16.976115743808226,17.44706279005151
302.135,2024/05/28 15:41:56.9889,17.263375623877373,17.49380842850788
302.283,2024/05/28 15:41:57.1369,16.750364552562026,16.063415992040216
302.382,2024/05/28 15:41:57.2359,16.965854823294574,14.492526809819374
302.628,2024/05/28 15:41:57.4819,17.054476609202798,14.492526809819374
302.874,2024/05/28 15:41:57.7279,17.018212016247162,14.492526809819374
303.022,2024/05/28 15:41:57.8759,17.047904108212613,14.553350129781116
303.121,2024/05/28 15:41:57.9749,16.915476148586215,14.61392030451332
303.366,2024/05/28 15:41:58.2199,16.654880890337285,14.61392030451332
303.613,2024/05/28 15:41:58.4669,16.82513172225773,14.38865293671834
303.76,2024/05/28 15:41:58.6139,16.349100998169146,15.317745700113099
303.859,2024/05/28 15:41:58.7129,15.822143656442984,16.39410463144196
304.105,2024/05/28 15:41:58.9589,15.13726466734524,16.39410463144196
304.253,2024/05/28 15:41:59.1069,15.276042395346737,17.095808453146248
304.352,2024/05/28 15:41:59.2059,14.432562162512154,17.769824609901658
304.598,2024/05/28 15:41:59.4519,13.883091510363379,17.723806965021183
304.844,2024/05/28 15:41:59.6979,13.447043857510637,17.708754896942924
304.992,2024/05/28 15:41:59.8459,13.03598027036184,18.46889276594566
305.091,2024/05/28 15:41:59.9449,12.634745015601386,19.170289512680814
305.337,2024/05/28 15:42:00.1909,12.737671524346114,18.782971010998235
305.485,2024/05/28 15:42:00.3389,13.553809321607892,19.782146833277054
305.583,2024/05/28 15:42:00.4369,13.66192797017088,20.733226151920174
305.83,2024/05/28 15:42:00.6839,12.77929359658254,20.09311656596192
306.076,2024/05/28 15:42:00.9299,12.862491133563088,19.43193248238579
306.223,2024/05/28 15:42:01.0769,13.535351754812512,20.357635750089777
306.322,2024/05/28 15:42:01.1759,13.276069561002435,21.151832071950647
306.568,2024/05/28 15:42:01.4219,13.198963735014592,20.76696093959505
306.715,2024/05/28 15:42:01.5689,15.969115306685872,22.684796670898333
306.814,2024/05/28 15:42:01.6679,15.86686709040054,24.452675381915437
307.061,2024/05/28 15:42:01.9149,15.759288448843774,24.452675381915437
307.307,2024/05/28 15:42:02.1609,15.753124120005452,24.419254697881343
307.454,2024/05/28 15:42:02.3079,18.912654645691415,26.80858071588274
307.553,2024/05/28 15:42:02.4069,18.90292807094285,28.843254555152637
307.8,2024/05/28 15:42:02.6539,18.77945196463466,28.65542415204028
308.046,2024/05/28 15:42:02.8999,18.651214869064713,28.65542415204028
308.193,2024/05/28 15:42:03.0469,20.68229850051568,30.424770609926817
308.292,2024/05/28 15:42:03.1459,20.557209211728576,31.327304384514157
308.539,2024/05/28 15:42:03.3929,20.372282274147306,30.937032824755512
308.785,2024/05/28 15:42:03.6389,20.17284506858129,30.937032824755512
308.933,2024/05/28 15:42:03.7869,20.468534865502566,31.299094768592482
309.031,2024/05/28 15:42:03.8849,20.271405601426256,31.113234054551985
309.671,2024/05/28 15:42:04.5249,20.586124106960764,30.872317697251045
309.77,2024/05/28 15:42:04.6239,20.36339402192126,31.181725417301717
310.017,2024/05/28 15:42:04.8709,20.18104835343652,30.66376797894653
310.163,2024/05/28 15:42:05.0169,23.75258001715456,32.66394546489039
310.263,2024/05/28 15:42:05.1169,23.600019481777878,35.00904644992967
310.508,2024/05/28 15:42:05.3619,23.435433433797424,35.00904644992967
310.902,2024/05/28 15:42:05.7559,26.458468865614847,36.827978494617376
311.247,2024/05/28 15:42:06.1009,26.356290008052575,38.56120675843362
311.494,2024/05/28 15:42:06.3479,26.24386080372176,38.56120675843362
311.641,2024/05/28 15:42:06.4949,27.814574861261335,39.455460120664334
311.74,2024/05/28 15:42:06.5939,27.745994844033337,40.329889660151565
311.986,2024/05/28 15:42:06.8399,27.667899155487532,40.329889660151565
312.233,2024/05/28 15:42:07.0869,27.580206962458067,40.329889660151565
312.379,2024/05/28 15:42:07.2329,28.75381034220457,40.97275517544148
312.479,2024/05/28 15:42:07.3329,28.768217616454002,41.84216374264919
312.726,2024/05/28 15:42:07.5799,28.780660812109183,41.84216374264919
312.972,2024/05/28 15:42:07.8259,27.349777783880718,40.83421767749853
313.119,2024/05/28 15:42:07.9729,27.9187861607507,40.36995582525863
313.217,2024/05/28 15:42:08.0709,28.05831366132524,41.19749183303922
313.464,2024/05/28 15:42:08.3179,28.187977383373685,41.19749183303922
313.611,2024/05/28 15:42:08.4649,25.98472141714256,40.14639875920795
313.71,2024/05/28 15:42:08.5639,26.16754153307352,39.06703640325605
313.956,2024/05/28 15:42:08.8099,26.33927620995759,39.06703640325605
314.203,2024/05/28 15:42:09.0569,26.5001409668786,39.06703640325605
314.35,2024/05/28 15:42:09.2039,24.307985538082143,37.741224145488445
314.449,2024/05/28 15:42:09.3029,24.455072576312546,36.70240682389462
314.695,2024/05/28 15:42:09.5489,24.598289820006507,36.70240682389462
314.843,2024/05/28 15:42:09.6969,25.225990064073077,36.80443813817386
314.942,2024/05/28 15:42:09.7959,24.59980842837427,36.599635699462
315.188,2024/05/28 15:42:10.0419,24.737355994715067,36.29049462324811
315.434,2024/05/28 15:42:10.2879,24.72099484662715,36.02499132546738
315.583,2024/05/28 15:42:10.4369,25.922098148372598,36.121092637589655
315.681,2024/05/28 15:42:10.5349,26.025827136922825,36.481045306661194
315.927,2024/05/28 15:42:10.7809,23.205132210776302,34.236919643371344
316.074,2024/05/28 15:42:10.9279,25.290496147809467,32.83291031876401
316.173,2024/05/28 15:42:11.0269,25.347152915457915,33.801380642413605
316.42,2024/05/28 15:42:11.2739,21.894338742368575,31.366117600578708
316.666,2024/05/28 15:42:11.5199,21.924137750251848,28.725134174331256
316.813,2024/05/28 15:42:11.6669,24.35893001066407,30.253374467432003
316.912,2024/05/28 15:42:11.7659,21.489264895458568,29.951627668625957
317.159,2024/05/28 15:42:12.0129,21.489264895458568,28.12353699898598
317.305,2024/05/28 15:42:12.1589,23.240397844143796,29.86246250172056
317.404,2024/05/28 15:42:12.2579,23.240397844143796,31.505555065734043
317.65,2024/05/28 15:42:12.5039,19.844800123812856,29.73718211263468
317.897,2024/05/28 15:42:12.7509,19.844800123812856,27.85677655436824
318.044,2024/05/28 15:42:12.8979,21.47128528882428,29.673781918274813
318.143,2024/05/28 15:42:12.9969,21.91910414311773,32.38157912558723
318.389,2024/05/28 15:42:13.2429,20.584030189703704,31.66912271177295
318.636,2024/05/28 15:42:13.4899,21.14971264172743,30.584854639728686
318.882,2024/05/28 15:42:13.7359,21.672616336073357,30.584854639728686
319.029,2024/05/28 15:42:13.8829,20.670401961293308,30.07324392213118
319.129,2024/05/28 15:42:13.9829,21.53321412016531,29.698484809834994
319.375,2024/05/28 15:42:14.2289,22.365202857354866,29.699046000390876
319.768,2024/05/28 15:42:14.6219,29.468393354518195,32.552521663715495
320.507,2024/05/28 15:42:15.3609,37.569873599719664,32.85574531189332
320.606,2024/05/28 15:42:15.4599,37.98379872415744,36.863712961845465
321.246,2024/05/28 15:42:16.0999,45.86587141785933,42.06701003557697
321.344,2024/05/28 15:42:16.1979,45.78411359272265,46.61366037261323
321.591,2024/05/28 15:42:16.4449,45.89654783802746,46.53314231097373
321.837,2024/05/28 15:42:16.6909,45.97261803721287,46.53314231097373
321.985,2024/05/28 15:42:16.8389,50.39669073244471,49.59704292260444
322.083,2024/05/28 15:42:16.9369,49.601643002080266,52.23281216502388
322.724,2024/05/28 15:42:17.5779,52.09844792181569,53.849481582153295
322.822,2024/05/28 15:42:17.6759,51.870750068258616,55.65429004128972
323.069,2024/05/28 15:42:17.9229,50.03764100396273,55.07146871717393
323.215,2024/05/28 15:42:18.0689,50.672137484434714,55.212015600471126
323.315,2024/05/28 15:42:18.1689,50.258424123746394,55.932101694822805
323.561,2024/05/28 15:42:18.4149,49.80796455722125,55.932101694822805
323.955,2024/05/28 15:42:18.8089,47.00090485800608,55.2295210915322
324.301,2024/05/28 15:42:19.1549,46.63392529592402,54.94512413915057
324.548,2024/05/28 15:42:19.4019,46.48054839726421,54.92570739948038
324.694,2024/05/28 15:42:19.5479,43.56583075295911,54.01974947492198
324.792,2024/05/28 15:42:19.6459,43.38733593504336,53.09833644600679
325.039,2024/05/28 15:42:19.8929,43.206800231062836,53.09833644600679
325.186,2024/05/28 15:42:20.0399,43.56800734906166,53.199937343321494
325.285,2024/05/28 15:42:20.1389,41.1284642882848,52.21110992882645
325.531,2024/05/28 15:42:20.3849,41.9958399691293,50.57634493186184
325.778,2024/05/28 15:42:20.6319,42.823092384592975,50.57634493186184
325.925,2024/05/28 15:42:20.7789,43.77056167066619,50.5816172141619
326.024,2024/05/28 15:42:20.8779,44.51848382749491,50.58688894697255
326.27,2024/05/28 15:42:21.1239,44.94800316483283,50.51270467252108
326.517,2024/05/28 15:42:21.3709,45.71386519716358,50.35275563462242
326.663,2024/05/28 15:42:21.5169,46.92484820764391,50.40833264451424
326.763,2024/05/28 15:42:21.6169,45.850945414488216,48.67237409455183
327.009,2024/05/28 15:42:21.8629,42.64670420220567,48.44034131451456
327.156,2024/05/28 15:42:22.0099,43.27544763276487,45.44813894246202
327.256,2024/05/28 15:42:22.1099,37.1263762854933,40.694389457679954
327.895,2024/05/28 15:42:22.7489,37.14527243631284,35.346381238631295
327.995,2024/05/28 15:42:22.8489,37.34217362493204,35.40338966822245
328.24,2024/05/28 15:42:23.0939,37.478714265414624,35.40338966822245
328.487,2024/05/28 15:42:23.3409,30.992194048729665,30.965572280625892
328.733,2024/05/28 15:42:23.5869,30.85973085601752,25.77466456296441
328.88,2024/05/28 15:42:23.7339,24.04500091423606,21.82506204649447
328.979,2024/05/28 15:42:23.8329,23.55841358357582,16.98038083593337
329.127,2024/05/28 15:42:23.9809,22.85810804612608,17.22981911299903
329.226,2024/05/28 15:42:24.0799,17.117041317014365,14.838014242703323
329.865,2024/05/28 15:42:24.7189,15.871647532704383,11.906580813426947
329.965,2024/05/28 15:42:24.8189,14.412039985783688,11.974973903938164
330.358,2024/05/28 15:42:25.2119,10.009420849741113,11.554220008291344
330.704,2024/05/28 15:42:25.5579,9.721938693189177,8.64291617453276
330.95,2024/05/28 15:42:25.8039,9.419715201791659,8.64291617453276
331.097,2024/05/28 15:42:25.9509,8.77273728891604,9.664367542679656
331.195,2024/05/28 15:42:26.0489,8.39163513446536,10.58772874605314
331.443,2024/05/28 15:42:26.2969,7.985331379566412,10.58772874605314
331.589,2024/05/28 15:42:26.4429,9.853000009921459,12.653062870309308
331.688,2024/05/28 15:42:26.5419,10.056678458084699,14.785127662620976
331.934,2024/05/28 15:42:26.7879,10.234323588320514,14.785127662620976
332.181,2024/05/28 15:42:27.0349,10.387271167104423,14.785127662620976
332.328,2024/05/28 15:42:27.1819,12.323232894237888,17.079227148791013
332.427,2024/05/28 15:42:27.2809,12.469917825503966,19.099738218101315
332.674,2024/05/28 15:42:27.5279,12.597025739093048,19.099738218101315
332.92,2024/05/28 15:42:27.7739,12.705144220168469,19.099738218101315
333.067,2024/05/28 15:42:27.9209,13.836691186429446,20.583974348992957
333.166,2024/05/28 15:42:28.0199,13.938658719427048,21.968158775828257
333.413,2024/05/28 15:42:28.2669,14.023830293185288,21.968158775828257
333.561,2024/05/28 15:42:28.4149,14.184984776289182,22.410562985639906
333.659,2024/05/28 15:42:28.5129,14.258532432425985,22.84440121050816
333.904,2024/05/28 15:42:28.7579,14.311999627356062,22.7559516024563
334.151,2024/05/28 15:42:29.0049,14.365867913900859,22.66715685744465
334.298,2024/05/28 15:42:29.1519,14.370667762986113,22.670097779527403
334.397,2024/05/28 15:42:29.2509,14.395281794085829,22.673038320142865
334.644,2024/05/28 15:42:29.4979,14.404221922599838,22.673038320142865
334.89,2024/05/28 15:42:29.7439,14.342445646630162,22.45959334746142
335.037,2024/05/28 15:42:29.8909,14.476457304605173,22.271057451320086
335.136,2024/05/28 15:42:29.9899,14.440683271003346,22.105806175452337
335.382,2024/05/28 15:42:30.2359,14.48645820290349,22.03028218914441
335.53,2024/05/28 15:42:30.3839,14.500138723081504,21.993180761317813
335.628,2024/05/28 15:42:30.4819,14.540035889854684,21.95601663933298
335.875,2024/05/28 15:42:30.7289,14.540035889854684,21.90738079582617
336.121,2024/05/28 15:42:30.9749,14.540035889854684,21.90738079582617
336.269,2024/05/28 15:42:31.1229,14.79394874738758,21.98332701541481
336.367,2024/05/28 15:42:31.2209,14.363267325924173,21.581627989256663
336.614,2024/05/28 15:42:31.4679,14.363267325924173,21.093442898999047
336.86,2024/05/28 15:42:31.7139,14.363267325924173,21.093442898999047
337.007,2024/05/28 15:42:31.8609,12.929339352497836,19.8158185969358
337.106,2024/05/28 15:42:31.9599,12.929339352497836,18.4499322491981
337.353,2024/05/28 15:42:32.2069,12.929339352497836,18.4499322491981
337.499,2024/05/28 15:42:32.3529,13.529406032280233,18.773207859429174
337.599,2024/05/28 15:42:32.4529,10.573008358419909,17.053836323048646
337.846,2024/05/28 15:42:32.6999,10.573008358419909,14.737706741552431
338.092,2024/05/28 15:42:32.9459,10.573008358419909,14.737706741552431
338.239,2024/05/28 15:42:33.0929,10.62425115684718,14.765951826188969
338.338,2024/05/28 15:42:33.1919,6.945518690864316,12.614806115566475
338.584,2024/05/28 15:42:33.4379,7.1220073368282755,9.726253132630262
338.83,2024/05/28 15:42:33.6839,7.284134862133212,9.726253132630262
338.978,2024/05/28 15:42:33.8319,5.577561779342877,8.637129152675673
339.469,2024/05/28 15:42:34.3229,6.856828126335976,8.035338615557322
339.569,2024/05/28 15:42:34.4229,7.015909670587046,8.378544026261364
339.816,2024/05/28 15:42:34.6699,7.161198127463025,8.378544026261364
340.062,2024/05/28 15:42:34.9159,7.290049902867442,8.370583412562512
340.209,2024/05/28 15:42:35.0629,8.54070712300872,8.920014947670584
340.308,2024/05/28 15:42:35.1619,8.618944650979296,9.444575162494075
340.948,2024/05/28 15:42:35.8019,10.133363581326746,10.336021155809101
341.047,2024/05/28 15:42:35.9009,10.03923338191953,11.102552259127929
341.293,2024/05/28 15:42:36.1469,10.057535631982713,11.048378463225573
341.44,2024/05/28 15:42:36.2939,11.21498381938482,11.819475453673906
341.539,2024/05/28 15:42:36.3929,11.199394482815018,12.54325848148452
341.785,2024/05/28 15:42:36.6389,11.177203812115533,12.54325848148452
341.933,2024/05/28 15:42:36.7869,11.708332822027415,12.921558213569549
342.032,2024/05/28 15:42:36.8859,11.661115263794576,13.289093272304171
342.278,2024/05/28 15:42:37.1319,11.258508914976588,13.163079680176166
342.524,2024/05/28 15:42:37.3779,11.188047809747934,13.035848009751163
342.671,2024/05/28 15:42:37.5249,11.680664837011058,13.489502091132447
342.771,2024/05/28 15:42:37.6249,11.585018069829035,13.92838827718412
343.017,2024/05/28 15:42:37.8709,10.802085792631447,13.693063937629153
343.263,2024/05/28 15:42:38.1169,10.671909631013563,13.45362404707371
343.41,2024/05/28 15:42:38.2639,11.301307014234826,14.149204924659195
343.51,2024/05/28 15:42:38.3639,9.875372828701561,14.400231479620967
343.756,2024/05/28 15:42:38.6099,9.669302058523202,13.976170195491086
343.903,2024/05/28 15:42:38.7569,9.992008300895765,14.54189350348388
344.002,2024/05/28 15:42:38.8559,9.75263006083801,15.086417732516887
344.249,2024/05/28 15:42:39.1029,9.478590515526705,15.129441496631658
344.495,2024/05/28 15:42:39.3489,9.729443404719001,14.942110515809562
344.642,2024/05/28 15:42:39.4959,9.721465761490778,15.261061562027722
344.74,2024/05/28 15:42:39.5939,9.967129885831346,15.573481734452747
344.988,2024/05/28 15:42:39.8419,10.081506911633204,15.546703830716014
345.233,2024/05/28 15:42:40.0869,10.201701458275938,15.195394038984313
345.381,2024/05/28 15:42:40.2349,10.306788299833375,15.018877010837617
345.479,2024/05/28 15:42:40.3329,10.506484040660897,15.028861123407411
345.726,2024/05/28 15:42:40.5799,10.695578633199814,15.028861123407411
345.872,2024/05/28 15:42:40.7259,10.51872987394522,14.706007842601835
345.972,2024/05/28 15:42:40.8259,10.680092125829226,14.375905768565216
346.612,2024/05/28 15:42:41.4659,10.019291736278475,14.094916341243982
346.958,2024/05/28 15:42:41.8119,10.168692091448168,13.808210118138652
347.104,2024/05/28 15:42:41.9579,11.042498884279011,15.065412927187447
347.204,2024/05/28 15:42:42.0579,10.460874010214274,15.672693876080567
347.843,2024/05/28 15:42:42.6969,11.327364892260084,16.25730604989646
347.943,2024/05/28 15:42:42.7969,11.468547693888851,17.337819932159867
348.188,2024/05/28 15:42:43.0419,11.100585052412884,17.120163550620656
348.336,2024/05/28 15:42:43.1899,12.20613186773441,17.649362594722792
348.436,2024/05/28 15:42:43.2899,12.20613186773441,18.426430292743447
348.681,2024/05/28 15:42:43.5349,12.20613186773441,18.426430292743447
348.928,2024/05/28 15:42:43.7819,11.78465786179838,18.096961070853858
349.074,2024/05/28 15:42:43.9279,13.108784454905281,18.75544365422121
349.174,2024/05/28 15:42:44.0279,13.11417588701292,19.69856170722455
349.567,2024/05/28 15:42:44.4209,14.692440780621375,20.945166506857852
349.913,2024/05/28 15:42:44.7669,14.201707846144297,21.68409555411523
350.16,2024/05/28 15:42:45.0139,14.201707846144297,21.236760581595302
350.306,2024/05/28 15:42:45.1599,16.293853294188203,22.904875754592805
350.405,2024/05/28 15:42:45.2589,15.975699937901288,24.127439427617123
350.651,2024/05/28 15:42:45.5049,15.975699937901288,23.790754506740637
350.799,2024/05/28 15:42:45.6529,18.329330806557273,25.781776509775273
350.897,2024/05/28 15:42:45.7509,18.17668710252522,27.66827304573477
351.144,2024/05/28 15:42:45.9979,18.203700520602823,27.49363562717743
351.29,2024/05/28 15:42:46.1439,19.84236730407962,28.92058090702882
351.39,2024/05/28 15:42:46.2439,19.67389308107678,30.43901005836644
351.637,2024/05/28 15:42:46.4909,19.500191569943414,30.43901005836644
351.883,2024/05/28 15:42:46.7369,19.40224539678092,30.434081772469057
352.029,2024/05/28 15:42:46.8829,20.290448463518608,31.566860259878027
352.522,2024/05/28 15:42:47.3759,20.629740834452726,31.592720680561843
352.622,2024/05/28 15:42:47.4759,20.446200782466086,32.38466715386568
352.868,2024/05/28 15:42:47.7219,20.224174677337174,32.384152502934725
353.115,2024/05/28 15:42:47.9689,20.344278192468487,32.23507406537171
353.261,2024/05/28 15:42:48.1149,20.677713028574846,32.98888701770138
353.361,2024/05/28 15:42:48.2149,20.615834780049507,33.093302444250966
353.607,2024/05/28 15:42:48.4609,20.27424049345243,32.54023150911294
353.753,2024/05/28 15:42:48.6069,20.92570327304212,32.721552530404175
354.346,2024/05/28 15:42:49.1999,20.563442620678472,32.90187431337816
354.592,2024/05/28 15:42:49.4459,20.4433616238353,32.86943869310822
354.739,2024/05/28 15:42:49.5929,20.79867922420577,33.028775333033465
354.985,2024/05/28 15:42:49.8389,20.952491416341683,32.60623662225782
355.33,2024/05/28 15:42:50.1839,20.816770427581485,33.09380606699689
355.577,2024/05/28 15:42:50.4309,20.678157724920773,33.09380606699689
355.723,2024/05/28 15:42:50.5769,20.831149310812037,33.06105463129289
356.216,2024/05/28 15:42:51.0699,21.21344726412329,32.54023150911294
356.316,2024/05/28 15:42:51.1699,20.86728727365087,32.10451681617401
356.562,2024/05/28 15:42:51.4159,20.587799087433353,31.304951684997057
356.709,2024/05/28 15:42:51.5629,21.037896839951323,31.78049716414141
356.809,2024/05/28 15:42:51.6629,20.42944122989351,31.08643862951603
357.055,2024/05/28 15:42:51.9089,20.094746840278187,29.878643431945388
357.301,2024/05/28 15:42:52.1549,19.731094545264902,29.878643431945388
357.448,2024/05/28 15:42:52.3019,19.731094545264902,28.857119283347277
357.548,2024/05/28 15:42:52.4019,19.336850651117143,27.79808146857141
357.794,2024/05/28 15:42:52.6479,18.910101904092205,27.79808146857141
357.941,2024/05/28 15:42:52.7949,19.140406798549414,26.940675566882135
358.04,2024/05/28 15:42:52.8939,18.679665014599074,26.055069884125558
358.286,2024/05/28 15:42:53.1399,18.173651509687595,26.078087864463274
358.532,2024/05/28 15:42:53.3859,17.609068980073822,26.078087864463274
358.679,2024/05/28 15:42:53.5329,18.234771634212912,25.37058664411737
358.778,2024/05/28 15:42:53.6319,18.046555375464614,26.00320493067473
359.025,2024/05/28 15:42:53.8789,17.435068373699465,25.00933159176124
359.171,2024/05/28 15:42:54.0249,17.90527437865423,25.812787528664934
359.271,2024/05/28 15:42:54.1249,17.15112006664323,26.314128017727157
359.517,2024/05/28 15:42:54.3709,16.987791424180063,25.172074474173424
359.764,2024/05/28 15:42:54.6179,16.46926779214484,24.298833991229564
359.911,2024/05/28 15:42:54.7649,16.72801353364464,24.75816363680204
360.01,2024/05/28 15:42:54.8639,16.553639735899026,24.235648674352966
360.257,2024/05/28 15:42:55.1109,15.886848461012622,23.22139817783015
360.403,2024/05/28 15:42:55.2569,16.007756740476317,23.777440288362975
360.503,2024/05/28 15:42:55.3569,15.959179248916467,23.51524328316989
360.749,2024/05/28 15:42:55.6029,15.942749586191558,23.50886357667394
360.996,2024/05/28 15:42:55.8499,15.104083333109989,22.817391028190173
361.141,2024/05/28 15:42:55.9949,14.297174385258803,22.940502755316125
361.241,2024/05/28 15:42:56.0949,14.293355099492949,22.310685033558844
361.634,2024/05/28 15:42:56.4879,14.144411186623921,22.265818347113736
361.98,2024/05/28 15:42:56.8339,13.874022695214526,21.756991213554016
362.619,2024/05/28 15:42:57.4729,13.741831429423245,21.81895200660808
362.719,2024/05/28 15:42:57.5729,13.462421090182678,21.1841135445094
362.866,2024/05/28 15:42:57.7199,13.50134092957998,20.622802913280243
362.965,2024/05/28 15:42:57.8189,13.218934521558788,20.780599927175665
363.212,2024/05/28 15:42:58.0659,12.91532992713075,20.780599927175665
363.458,2024/05/28 15:42:58.3119,12.38765607323298,19.77371993328519
363.605,2024/05/28 15:42:58.4589,12.106092320173715,18.720754970531146
363.704,2024/05/28 15:42:58.5579,11.772557217889341,18.728765753958978
363.951,2024/05/28 15:42:58.8049,11.129591910405084,17.53757870022731
364.096,2024/05/28 15:42:58.9499,10.83952961613432,16.342174477916537
364.197,2024/05/28 15:42:59.0509,10.714100709961258,16.30950643030009
364.443,2024/05/28 15:42:59.2969,10.56588524614421,16.30950643030009
364.589,2024/05/28 15:42:59.4429,10.788243920896354,15.702441423761679
364.689,2024/05/28 15:42:59.5429,10.615321826090394,15.070943345833841
364.935,2024/05/28 15:42:59.7889,10.417933256339344,15.070943345833841
365.328,2024/05/28 15:43:00.1819,11.417922994899305,14.846997451785777
365.674,2024/05/28 15:43:00.5279,11.385814929525464,15.114011159627127
365.821,2024/05/28 15:43:00.6749,12.734648183912613,16.075861822413543
365.921,2024/05/28 15:43:00.7749,12.677974384063566,16.983325155379124
366.167,2024/05/28 15:43:01.0209,12.138520427182682,16.306440445419103
366.413,2024/05/28 15:43:01.2669,12.087040652051694,15.600213673750327
366.56,2024/05/28 15:43:01.4139,12.65928399494152,16.064453512854605
366.66,2024/05/28 15:43:01.5139,12.030660065408227,15.704564092432918
366.906,2024/05/28 15:43:01.7599,11.969309412673123,14.849242404917497
367.053,2024/05/28 15:43:01.9069,11.954944151077699,14.889593681494468
367.152,2024/05/28 15:43:02.0059,11.879664842992172,14.929835899968895
367.398,2024/05/28 15:43:02.2519,11.831382387346665,14.739968340083593
367.644,2024/05/28 15:43:02.4979,11.75462735981159,14.547622944430932
367.791,2024/05/28 15:43:02.6449,11.969357428099215,14.735444795910754
367.891,2024/05/28 15:43:02.7449,11.894604205084649,14.951031179598727
368.284,2024/05/28 15:43:03.1379,12.225138976253824,15.442365967256011
368.63,2024/05/28 15:43:03.4839,12.150209307131778,15.871357849913158
369.023,2024/05/28 15:43:03.8769,11.49657620198433,15.681198933755034
369.369,2024/05/28 15:43:04.2229,11.39993950378124,15.488705562441298
369.515,2024/05/28 15:43:04.3689,11.601080013148913,15.76176809032963
369.615,2024/05/28 15:43:04.4689,11.484322146850166,16.03017987006592
369.861,2024/05/28 15:43:04.7149,11.260958902443393,16.020819787597222
370.007,2024/05/28 15:43:04.8609,11.828078807485381,16.649324310613927
370.108,2024/05/28 15:43:04.9619,11.679877577702102,17.263641948712134
370.353,2024/05/28 15:43:05.2069,11.696398895671262,17.18526500620032
370.6,2024/05/28 15:43:05.4539,11.696398895671262,17.181385275931625
370.746,2024/05/28 15:43:05.5999,12.680150113337666,18.089591850932774
371.239,2024/05/28 15:43:06.0929,13.60311830377261,17.702165592567106
371.339,2024/05/28 15:43:06.1929,13.60311830377261,18.489636737012077
371.585,2024/05/28 15:43:06.4389,13.60311830377261,18.489636737012077
371.732,2024/05/28 15:43:06.5859,14.743048235171564,19.449078812804135
371.831,2024/05/28 15:43:06.6849,14.743048235171564,20.36336579906835
372.078,2024/05/28 15:43:06.9319,14.043487466797927,19.61292091114087
372.324,2024/05/28 15:43:07.1779,14.043487466797927,18.83259585576738
372.571,2024/05/28 15:43:07.4249,14.043487466797927,18.83259585576738
372.716,2024/05/28 15:43:07.5699,16.25164889955022,20.92844953645635
372.816,2024/05/28 15:43:07.6699,16.053645699033986,22.508516906569685
372.963,2024/05/28 15:43:07.8169,17.68527538709737,23.78164558365688
373.062,2024/05/28 15:43:07.9159,17.68527538709737,25.282404948896772
373.309,2024/05/28 15:43:08.1629,17.73434229262406,25.25866188063018
373.455,2024/05/28 15:43:08.3089,18.720693571989386,26.32172740025497
373.555,2024/05/28 15:43:08.4089,18.720693571989386,27.36542831140537
374.194,2024/05/28 15:43:09.0479,19.051171261552824,27.908182790476822
374.294,2024/05/28 15:43:09.1479,18.66649219951939,28.34137140883153
374.54,2024/05/28 15:43:09.3939,18.683818064611415,28.22587465429548
374.686,2024/05/28 15:43:09.5399,17.696158424605684,27.949955277245078
374.787,2024/05/28 15:43:09.6409,17.696158424605684,27.698375403622503
375.033,2024/05/28 15:43:09.8869,17.595062003209566,27.688746209726915
375.28,2024/05/28 15:43:10.1339,17.595062003209566,27.67911366596361
375.425,2024/05/28 15:43:10.2789,18.191478363720385,27.660441066620756
